version,006,,,,,,,,,,,,,,,,,,,,,,,,,,,,,,,,,,,,,,,,,,,,,,,,,,,,,,,,
type,Ideal,,,,,,,,,,,,,,,,,,,,,,,,,,,,,,,,,,,,,,,,,,,,,,,,,,,,,,,,
description,"Reformatted ideal (static) orientations and alignments of the components. This is where the components start out on orbit, and could be different from the values measured on ground.",,,,,,,,,,,,,,,,,,,,,,,,,,,,,,,,,,,,,,,,,,,,,,,,,,,,,,,,
step size,,,,,,,,,,,,,,,,,,,,,,,,,,,,,,,,,,,,,,,,,,,,,,,,,,,,,,,,,
step,type,Inertial-SC,,,,SC-FB,,,,FB-FPM0,,,,FB-FPM1,,,,FB-MD0,,,,FB-MD1,,,,FB-AS0,,,,FB-AS1,,,,FB-OB,,,,OB-OM0,,,,OB-OM1,,,,OB-ML0,,,,OB-ML1,,,,OB-ST,,,
1,v,0.0,0.0,0.0,,0.0,-539.04,327.91,,-250.8249974,411.1892622,421.75498,,257.1750026,411.1892622,421.75498,,402.63064,691.7477464,302.72834,,-396.28064,691.7477464,302.72834,,-250.8249974,411.1892622,1022.3,,257.1750026,411.1892622,1022.3,,-0.344832450784,189.449108996,10560.95,,-250.825,218.4792524,11.61130798,,257.175,218.4792524,11.61130798,,432.9902996,523.9263797,102.8997081,,-426.6402996,523.9263797,102.8997081,,3.175,428.0292524,262.3520879,
1,q,0.0,0.0,0.0,1.0,0.0,0.0,0.0,1.0,0.0,0.0,0.866,0.5,0.0,0.0,0.866,0.5,0.0,0.0,0.7071,-0.7071,0.0,0.0,0.7071,-0.7071,0.0,0.0,0.866,0.5,0.0,0.0,0.866,0.5,0.000308416187669,-3.27425515304e-05,0.000410989908986,0.999999867447,0.0,0.0,1.0,0.0,0.0,0.0,1.0,0.0,0.0,0.0,-0.4278,0.9039,0.0,0.0,0.4278,0.9039,0.0,0.0,-0.3827,0.9239
2,v,0.0,0.0,0.0,,0.0,-539.04,327.91,,-250.8249974,411.1892622,421.75498,,257.1750026,411.1892622,421.75498,,402.63064,691.7477464,302.72834,,-396.28064,691.7477464,302.72834,,-250.8249974,411.1892622,1022.3,,257.1750026,411.1892622,1022.3,,-0.359038407022,189.46279833,10560.95,,-250.825,218.4792524,11.61130798,,257.175,218.4792524,11.61130798,,432.9902996,523.9263797,102.8997081,,-426.6402996,523.9263797,102.8997081,,3.175,428.0292524,262.3520879,
2,q,0.0,0.0,0.0,1.0,0.0,0.0,0.0,1.0,0.0,0.0,0.866,0.5,0.0,0.0,0.866,0.5,0.0,0.0,0.7071,-0.7071,0.0,0.0,0.7071,-0.7071,0.0,0.0,0.866,0.5,0.0,0.0,0.866,0.5,0.000307121075747,-3.40835318359e-05,0.000403989539592,0.999999870654,0.0,0.0,1.0,0.0,0.0,0.0,1.0,0.0,0.0,0.0,-0.4278,0.9039,0.0,0.0,0.4278,0.9039,0.0,0.0,-0.3827,0.9239
3,v,0.0,0.0,0.0,,0.0,-539.04,327.91,,-250.8249974,411.1892622,421.75498,,257.1750026,411.1892622,421.75498,,402.63064,691.7477464,302.72834,,-396.28064,691.7477464,302.72834,,-250.8249974,411.1892622,1022.3,,257.1750026,411.1892622,1022.3,,-0.374343353062,189.477077639,10560.95,,-250.825,218.4792524,11.61130798,,257.175,218.4792524,11.61130798,,432.9902996,523.9263797,102.8997081,,-426.6402996,523.9263797,102.8997081,,3.175,428.0292524,262.3520879,
3,q,0.0,0.0,0.0,1.0,0.0,0.0,0.0,1.0,0.0,0.0,0.866,0.5,0.0,0.0,0.866,0.5,0.0,0.0,0.7071,-0.7071,0.0,0.0,0.7071,-0.7071,0.0,0.0,0.866,0.5,0.0,0.0,0.866,0.5,0.000305770103402,-3.55287616674e-05,0.000397989143715,0.999999873423,0.0,0.0,1.0,0.0,0.0,0.0,1.0,0.0,0.0,0.0,-0.4278,0.9039,0.0,0.0,0.4278,0.9039,0.0,0.0,-0.3827,0.9239
4,v,0.0,0.0,0.0,,0.0,-539.04,327.91,,-250.8249974,411.1892622,421.75498,,257.1750026,411.1892622,421.75498,,402.63064,691.7477464,302.72834,,-396.28064,691.7477464,302.72834,,-250.8249974,411.1892622,1022.3,,257.1750026,411.1892622,1022.3,,-0.391829294853,189.491506944,10560.95,,-250.825,218.4792524,11.61130798,,257.175,218.4792524,11.61130798,,432.9902996,523.9263797,102.8997081,,-426.6402996,523.9263797,102.8997081,,3.175,428.0292524,262.3520879,
4,q,0.0,0.0,0.0,1.0,0.0,0.0,0.0,1.0,0.0,0.0,0.866,0.5,0.0,0.0,0.866,0.5,0.0,0.0,0.7071,-0.7071,0.0,0.0,0.7071,-0.7071,0.0,0.0,0.866,0.5,0.0,0.0,0.866,0.5,0.000304404898858,-3.71801376824e-05,0.000391488689514,0.999999876346,0.0,0.0,1.0,0.0,0.0,0.0,1.0,0.0,0.0,0.0,-0.4278,0.9039,0.0,0.0,0.4278,0.9039,0.0,0.0,-0.3827,0.9239
5,v,0.0,0.0,0.0,,0.0,-539.04,327.91,,-250.8249974,411.1892622,421.75498,,257.1750026,411.1892622,421.75498,,402.63064,691.7477464,302.72834,,-396.28064,691.7477464,302.72834,,-250.8249974,411.1892622,1022.3,,257.1750026,411.1892622,1022.3,,-0.410048219175,189.505976251,10560.95,,-250.825,218.4792524,11.61130798,,257.175,218.4792524,11.61130798,,432.9902996,523.9263797,102.8997081,,-426.6402996,523.9263797,102.8997081,,3.175,428.0292524,262.3520879,
5,q,0.0,0.0,0.0,1.0,0.0,0.0,0.0,1.0,0.0,0.0,0.866,0.5,0.0,0.0,0.866,0.5,0.0,0.0,0.7071,-0.7071,0.0,0.0,0.7071,-0.7071,0.0,0.0,0.866,0.5,0.0,0.0,0.866,0.5,0.000303035866698,-3.89011628999e-05,0.000385988218818,0.999999878835,0.0,0.0,1.0,0.0,0.0,0.0,1.0,0.0,0.0,0.0,-0.4278,0.9039,0.0,0.0,0.4278,0.9039,0.0,0.0,-0.3827,0.9239
6,v,0.0,0.0,0.0,,0.0,-539.04,327.91,,-250.8249974,411.1892622,421.75498,,257.1750026,411.1892622,421.75498,,402.63064,691.7477464,302.72834,,-396.28064,691.7477464,302.72834,,-250.8249974,411.1892622,1022.3,,257.1750026,411.1892622,1022.3,,-0.429564157206,189.520365563,10560.95,,-250.825,218.4792524,11.61130798,,257.175,218.4792524,11.61130798,,432.9902996,523.9263797,102.8997081,,-426.6402996,523.9263797,102.8997081,,3.175,428.0292524,262.3520879,
6,q,0.0,0.0,0.0,1.0,0.0,0.0,0.0,1.0,0.0,0.0,0.866,0.5,0.0,0.0,0.866,0.5,0.0,0.0,0.7071,-0.7071,0.0,0.0,0.7071,-0.7071,0.0,0.0,0.866,0.5,0.0,0.0,0.866,0.5,0.00030167439327,-4.07447304741e-05,0.000379987715562,0.999999881471,0.0,0.0,1.0,0.0,0.0,0.0,1.0,0.0,0.0,0.0,-0.4278,0.9039,0.0,0.0,0.4278,0.9039,0.0,0.0,-0.3827,0.9239
7,v,0.0,0.0,0.0,,0.0,-539.04,327.91,,-250.8249974,411.1892622,421.75498,,257.1750026,411.1892622,421.75498,,402.63064,691.7477464,302.72834,,-396.28064,691.7477464,302.72834,,-250.8249974,411.1892622,1022.3,,257.1750026,411.1892622,1022.3,,-0.449950074505,189.534404896,10560.95,,-250.825,218.4792524,11.61130798,,257.175,218.4792524,11.61130798,,432.9902996,523.9263797,102.8997081,,-426.6402996,523.9263797,102.8997081,,3.175,428.0292524,262.3520879,
7,q,0.0,0.0,0.0,1.0,0.0,0.0,0.0,1.0,0.0,0.0,0.866,0.5,0.0,0.0,0.866,0.5,0.0,0.0,0.7071,-0.7071,0.0,0.0,0.7071,-0.7071,0.0,0.0,0.866,0.5,0.0,0.0,0.866,0.5,0.000300345992555,-4.26707647389e-05,0.000374487191125,0.999999883865,0.0,0.0,1.0,0.0,0.0,0.0,1.0,0.0,0.0,0.0,-0.4278,0.9039,0.0,0.0,0.4278,0.9039,0.0,0.0,-0.3827,0.9239
8,v,0.0,0.0,0.0,,0.0,-539.04,327.91,,-250.8249974,411.1892622,421.75498,,257.1750026,411.1892622,421.75498,,402.63064,691.7477464,302.72834,,-396.28064,691.7477464,302.72834,,-250.8249974,411.1892622,1022.3,,257.1750026,411.1892622,1022.3,,-0.471449974699,189.547904257,10560.95,,-250.825,218.4792524,11.61130798,,257.175,218.4792524,11.61130798,,432.9902996,523.9263797,102.8997081,,-426.6402996,523.9263797,102.8997081,,3.175,428.0292524,262.3520879,
8,q,0.0,0.0,0.0,1.0,0.0,0.0,0.0,1.0,0.0,0.0,0.866,0.5,0.0,0.0,0.866,0.5,0.0,0.0,0.7071,-0.7071,0.0,0.0,0.7071,-0.7071,0.0,0.0,0.866,0.5,0.0,0.0,0.866,0.5,0.000299068647068,-4.47021987202e-05,0.000368986638,0.999999886204,0.0,0.0,1.0,0.0,0.0,0.0,1.0,0.0,0.0,0.0,-0.4278,0.9039,0.0,0.0,0.4278,0.9039,0.0,0.0,-0.3827,0.9239
9,v,0.0,0.0,0.0,,0.0,-539.04,327.91,,-250.8249974,411.1892622,421.75498,,257.1750026,411.1892622,421.75498,,402.63064,691.7477464,302.72834,,-396.28064,691.7477464,302.72834,,-250.8249974,411.1892622,1022.3,,257.1750026,411.1892622,1022.3,,-0.492842883728,189.557803791,10560.95,,-250.825,218.4792524,11.61130798,,257.175,218.4792524,11.61130798,,432.9902996,523.9263797,102.8997081,,-426.6402996,523.9263797,102.8997081,,3.175,428.0292524,262.3520879,
9,q,0.0,0.0,0.0,1.0,0.0,0.0,0.0,1.0,0.0,0.0,0.866,0.5,0.0,0.0,0.866,0.5,0.0,0.0,0.7071,-0.7071,0.0,0.0,0.7071,-0.7071,0.0,0.0,0.866,0.5,0.0,0.0,0.866,0.5,0.0002981316752,-4.67245440173e-05,0.00036648607682,0.999999887311,0.0,0.0,1.0,0.0,0.0,0.0,1.0,0.0,0.0,0.0,-0.4278,0.9039,0.0,0.0,0.4278,0.9039,0.0,0.0,-0.3827,0.9239
10,v,0.0,0.0,0.0,,0.0,-539.04,327.91,,-250.8249974,411.1892622,421.75498,,257.1750026,411.1892622,421.75498,,402.63064,691.7477464,302.72834,,-396.28064,691.7477464,302.72834,,-250.8249974,411.1892622,1022.3,,257.1750026,411.1892622,1022.3,,-0.513945785874,189.564323484,10560.95,,-250.825,218.4792524,11.61130798,,257.175,218.4792524,11.61130798,,432.9902996,523.9263797,102.8997081,,-426.6402996,523.9263797,102.8997081,,3.175,428.0292524,262.3520879,
10,q,0.0,0.0,0.0,1.0,0.0,0.0,0.0,1.0,0.0,0.0,0.866,0.5,0.0,0.0,0.866,0.5,0.0,0.0,0.7071,-0.7071,0.0,0.0,0.7071,-0.7071,0.0,0.0,0.866,0.5,0.0,0.0,0.866,0.5,0.000297514257577,-4.87204731447e-05,0.000366985511666,0.999999887217,0.0,0.0,1.0,0.0,0.0,0.0,1.0,0.0,0.0,0.0,-0.4278,0.9039,0.0,0.0,0.4278,0.9039,0.0,0.0,-0.3827,0.9239
11,v,0.0,0.0,0.0,,0.0,-539.04,327.91,,-250.8249974,411.1892622,421.75498,,257.1750026,411.1892622,421.75498,,402.63064,691.7477464,302.72834,,-396.28064,691.7477464,302.72834,,-250.8249974,411.1892622,1022.3,,257.1750026,411.1892622,1022.3,,-0.535734682914,189.569903224,10560.95,,-250.825,218.4792524,11.61130798,,257.175,218.4792524,11.61130798,,432.9902996,523.9263797,102.8997081,,-426.6402996,523.9263797,102.8997081,,3.175,428.0292524,262.3520879,
11,q,0.0,0.0,0.0,1.0,0.0,0.0,0.0,1.0,0.0,0.0,0.866,0.5,0.0,0.0,0.866,0.5,0.0,0.0,0.7071,-0.7071,0.0,0.0,0.7071,-0.7071,0.0,0.0,0.866,0.5,0.0,0.0,0.866,0.5,0.000296985668485,-5.07816155332e-05,0.000368484925078,0.99999988672,0.0,0.0,1.0,0.0,0.0,0.0,1.0,0.0,0.0,0.0,-0.4278,0.9039,0.0,0.0,0.4278,0.9039,0.0,0.0,-0.3827,0.9239
12,v,0.0,0.0,0.0,,0.0,-539.04,327.91,,-250.8249974,411.1892622,421.75498,,257.1750026,411.1892622,421.75498,,402.63064,691.7477464,302.72834,,-396.28064,691.7477464,302.72834,,-250.8249974,411.1892622,1022.3,,257.1750026,411.1892622,1022.3,,-0.558180568049,189.584052561,10560.95,,-250.825,218.4792524,11.61130798,,257.175,218.4792524,11.61130798,,432.9902996,523.9263797,102.8997081,,-426.6402996,523.9263797,102.8997081,,3.175,428.0292524,262.3520879,
12,q,0.0,0.0,0.0,1.0,0.0,0.0,0.0,1.0,0.0,0.0,0.866,0.5,0.0,0.0,0.866,0.5,0.0,0.0,0.7071,-0.7071,0.0,0.0,0.7071,-0.7071,0.0,0.0,0.866,0.5,0.0,0.0,0.866,0.5,0.000295646446309,-5.29048933409e-05,0.000370984365007,0.999999886082,0.0,0.0,1.0,0.0,0.0,0.0,1.0,0.0,0.0,0.0,-0.4278,0.9039,0.0,0.0,0.4278,0.9039,0.0,0.0,-0.3827,0.9239
13,v,0.0,0.0,0.0,,0.0,-539.04,327.91,,-250.8249974,411.1892622,421.75498,,257.1750026,411.1892622,421.75498,,402.63064,691.7477464,302.72834,,-396.28064,691.7477464,302.72834,,-250.8249974,411.1892622,1022.3,,257.1750026,411.1892622,1022.3,,-0.58112944174,189.582292644,10560.95,,-250.825,218.4792524,11.61130798,,257.175,218.4792524,11.61130798,,432.9902996,523.9263797,102.8997081,,-426.6402996,523.9263797,102.8997081,,3.175,428.0292524,262.3520879,
13,q,0.0,0.0,0.0,1.0,0.0,0.0,0.0,1.0,0.0,0.0,0.866,0.5,0.0,0.0,0.866,0.5,0.0,0.0,0.7071,-0.7071,0.0,0.0,0.7071,-0.7071,0.0,0.0,0.866,0.5,0.0,0.0,0.866,0.5,0.000295811909063,-5.50765975563e-05,0.000374483713619,0.999999884612,0.0,0.0,1.0,0.0,0.0,0.0,1.0,0.0,0.0,0.0,-0.4278,0.9039,0.0,0.0,0.4278,0.9039,0.0,0.0,-0.3827,0.9239
14,v,0.0,0.0,0.0,,0.0,-539.04,327.91,,-250.8249974,411.1892622,421.75498,,257.1750026,411.1892622,421.75498,,402.63064,691.7477464,302.72834,,-396.28064,691.7477464,302.72834,,-250.8249974,411.1892622,1022.3,,257.1750026,411.1892622,1022.3,,-0.604277320281,189.580292738,10560.95,,-250.825,218.4792524,11.61130798,,257.175,218.4792524,11.61130798,,432.9902996,523.9263797,102.8997081,,-426.6402996,523.9263797,102.8997081,,3.175,428.0292524,262.3520879,
14,q,0.0,0.0,0.0,1.0,0.0,0.0,0.0,1.0,0.0,0.0,0.866,0.5,0.0,0.0,0.866,0.5,0.0,0.0,0.7071,-0.7071,0.0,0.0,0.7071,-0.7071,0.0,0.0,0.866,0.5,0.0,0.0,0.866,0.5,0.00029600002007,-5.72672812498e-05,0.000378483054571,0.999999882928,0.0,0.0,1.0,0.0,0.0,0.0,1.0,0.0,0.0,0.0,-0.4278,0.9039,0.0,0.0,0.4278,0.9039,0.0,0.0,-0.3827,0.9239
15,v,0.0,0.0,0.0,,0.0,-539.04,327.91,,-250.8249974,411.1892622,421.75498,,257.1750026,411.1892622,421.75498,,402.63064,691.7477464,302.72834,,-396.28064,691.7477464,302.72834,,-250.8249974,411.1892622,1022.3,,257.1750026,411.1892622,1022.3,,-0.628752179846,189.577782855,10560.95,,-250.825,218.4792524,11.61130798,,257.175,218.4792524,11.61130798,,432.9902996,523.9263797,102.8997081,,-426.6402996,523.9263797,102.8997081,,3.175,428.0292524,262.3520879,
15,q,0.0,0.0,0.0,1.0,0.0,0.0,0.0,1.0,0.0,0.0,0.866,0.5,0.0,0.0,0.866,0.5,0.0,0.0,0.7071,-0.7071,0.0,0.0,0.7071,-0.7071,0.0,0.0,0.866,0.5,0.0,0.0,0.866,0.5,0.000296236241766,-5.95837935018e-05,0.000383482354511,0.999999880818,0.0,0.0,1.0,0.0,0.0,0.0,1.0,0.0,0.0,0.0,-0.4278,0.9039,0.0,0.0,0.4278,0.9039,0.0,0.0,-0.3827,0.9239
16,v,0.0,0.0,0.0,,0.0,-539.04,327.91,,-250.8249974,411.1892622,421.75498,,257.1750026,411.1892622,421.75498,,402.63064,691.7477464,302.72834,,-396.28064,691.7477464,302.72834,,-250.8249974,411.1892622,1022.3,,257.1750026,411.1892622,1022.3,,-0.651411044616,189.575032985,10560.95,,-250.825,218.4792524,11.61130798,,257.175,218.4792524,11.61130798,,432.9902996,523.9263797,102.8997081,,-426.6402996,523.9263797,102.8997081,,3.175,428.0292524,262.3520879,
16,q,0.0,0.0,0.0,1.0,0.0,0.0,0.0,1.0,0.0,0.0,0.866,0.5,0.0,0.0,0.866,0.5,0.0,0.0,0.7071,-0.7071,0.0,0.0,0.7071,-0.7071,0.0,0.0,0.866,0.5,0.0,0.0,0.866,0.5,0.000296495175368,-6.17287003323e-05,0.000388981702809,0.999999878487,0.0,0.0,1.0,0.0,0.0,0.0,1.0,0.0,0.0,0.0,-0.4278,0.9039,0.0,0.0,0.4278,0.9039,0.0,0.0,-0.3827,0.9239
17,v,0.0,0.0,0.0,,0.0,-539.04,327.91,,-250.8249974,411.1892622,421.75498,,257.1750026,411.1892622,421.75498,,402.63064,691.7477464,302.72834,,-396.28064,691.7477464,302.72834,,-250.8249974,411.1892622,1022.3,,257.1750026,411.1892622,1022.3,,-0.671567918262,189.572273114,10560.95,,-250.825,218.4792524,11.61130798,,257.175,218.4792524,11.61130798,,432.9902996,523.9263797,102.8997081,,-426.6402996,523.9263797,102.8997081,,3.175,428.0292524,262.3520879,
17,q,0.0,0.0,0.0,1.0,0.0,0.0,0.0,1.0,0.0,0.0,0.866,0.5,0.0,0.0,0.866,0.5,0.0,0.0,0.7071,-0.7071,0.0,0.0,0.7071,-0.7071,0.0,0.0,0.866,0.5,0.0,0.0,0.866,0.5,0.000296755124535,-6.36369611172e-05,0.000394481120154,0.999999876136,0.0,0.0,1.0,0.0,0.0,0.0,1.0,0.0,0.0,0.0,-0.4278,0.9039,0.0,0.0,0.4278,0.9039,0.0,0.0,-0.3827,0.9239
18,v,0.0,0.0,0.0,,0.0,-539.04,327.91,,-250.8249974,411.1892622,421.75498,,257.1750026,411.1892622,421.75498,,402.63064,691.7477464,302.72834,,-396.28064,691.7477464,302.72834,,-250.8249974,411.1892622,1022.3,,257.1750026,411.1892622,1022.3,,-0.6786018787,189.57002322,10560.95,,-250.825,218.4792524,11.61130798,,257.175,218.4792524,11.61130798,,432.9902996,523.9263797,102.8997081,,-426.6402996,523.9263797,102.8997081,,3.175,428.0292524,262.3520879,
18,q,0.0,0.0,0.0,1.0,0.0,0.0,0.0,1.0,0.0,0.0,0.866,0.5,0.0,0.0,0.866,0.5,0.0,0.0,0.7071,-0.7071,0.0,0.0,0.7071,-0.7071,0.0,0.0,0.866,0.5,0.0,0.0,0.866,0.5,0.00029696737772,-6.43036842853e-05,0.000398980908442,0.999999874245,0.0,0.0,1.0,0.0,0.0,0.0,1.0,0.0,0.0,0.0,-0.4278,0.9039,0.0,0.0,0.4278,0.9039,0.0,0.0,-0.3827,0.9239
19,v,0.0,0.0,0.0,,0.0,-539.04,327.91,,-250.8249974,411.1892622,421.75498,,257.1750026,411.1892622,421.75498,,402.63064,691.7477464,302.72834,,-396.28064,691.7477464,302.72834,,-250.8249974,411.1892622,1022.3,,257.1750026,411.1892622,1022.3,,-0.685407830596,189.542674507,10560.95,,-250.825,218.4792524,11.61130798,,257.175,218.4792524,11.61130798,,432.9902996,523.9263797,102.8997081,,-426.6402996,523.9263797,102.8997081,,3.175,428.0292524,262.3520879,
19,q,0.0,0.0,0.0,1.0,0.0,0.0,0.0,1.0,0.0,0.0,0.866,0.5,0.0,0.0,0.866,0.5,0.0,0.0,0.7071,-0.7071,0.0,0.0,0.7071,-0.7071,0.0,0.0,0.866,0.5,0.0,0.0,0.866,0.5,0.000299553624197,-6.49496522723e-05,0.000402980548726,0.999999871828,0.0,0.0,1.0,0.0,0.0,0.0,1.0,0.0,0.0,0.0,-0.4278,0.9039,0.0,0.0,0.4278,0.9039,0.0,0.0,-0.3827,0.9239
20,v,0.0,0.0,0.0,,0.0,-539.04,327.91,,-250.8249974,411.1892622,421.75498,,257.1750026,411.1892622,421.75498,,402.63064,691.7477464,302.72834,,-396.28064,691.7477464,302.72834,,-250.8249974,411.1892622,1022.3,,257.1750026,411.1892622,1022.3,,-0.689481812161,189.540914591,10560.95,,-250.825,218.4792524,11.61130798,,257.175,218.4792524,11.61130798,,432.9902996,523.9263797,102.8997081,,-426.6402996,523.9263797,102.8997081,,3.175,428.0292524,262.3520879,
20,q,0.0,0.0,0.0,1.0,0.0,0.0,0.0,1.0,0.0,0.0,0.866,0.5,0.0,0.0,0.866,0.5,0.0,0.0,0.7071,-0.7071,0.0,0.0,0.7071,-0.7071,0.0,0.0,0.866,0.5,0.0,0.0,0.866,0.5,0.000299719700969,-6.53361029698e-05,0.00040648042195,0.999999870336,0.0,0.0,1.0,0.0,0.0,0.0,1.0,0.0,0.0,0.0,-0.4278,0.9039,0.0,0.0,0.4278,0.9039,0.0,0.0,-0.3827,0.9239
21,v,0.0,0.0,0.0,,0.0,-539.04,327.91,,-250.8249974,411.1892622,421.75498,,257.1750026,411.1892622,421.75498,,402.63064,691.7477464,302.72834,,-396.28064,691.7477464,302.72834,,-250.8249974,411.1892622,1022.3,,257.1750026,411.1892622,1022.3,,-0.693539785374,189.513815878,10560.95,,-250.825,218.4792524,11.61130798,,257.175,218.4792524,11.61130798,,432.9902996,523.9263797,102.8997081,,-426.6402996,523.9263797,102.8997081,,3.175,428.0292524,262.3520879,
21,q,0.0,0.0,0.0,1.0,0.0,0.0,0.0,1.0,0.0,0.0,0.866,0.5,0.0,0.0,0.866,0.5,0.0,0.0,0.7071,-0.7071,0.0,0.0,0.7071,-0.7071,0.0,0.0,0.866,0.5,0.0,0.0,0.866,0.5,0.000302282431921,-6.57220240559e-05,0.000409980137983,0.999999868111,0.0,0.0,1.0,0.0,0.0,0.0,1.0,0.0,0.0,0.0,-0.4278,0.9039,0.0,0.0,0.4278,0.9039,0.0,0.0,-0.3827,0.9239
22,v,0.0,0.0,0.0,,0.0,-539.04,327.91,,-250.8249974,411.1892622,421.75498,,257.1750026,411.1892622,421.75498,,402.63064,691.7477464,302.72834,,-396.28064,691.7477464,302.72834,,-250.8249974,411.1892622,1022.3,,257.1750026,411.1892622,1022.3,,-0.697614756822,189.512065963,10560.95,,-250.825,218.4792524,11.61130798,,257.175,218.4792524,11.61130798,,432.9902996,523.9263797,102.8997081,,-426.6402996,523.9263797,102.8997081,,3.175,428.0292524,262.3520879,
22,q,0.0,0.0,0.0,1.0,0.0,0.0,0.0,1.0,0.0,0.0,0.866,0.5,0.0,0.0,0.866,0.5,0.0,0.0,0.7071,-0.7071,0.0,0.0,0.7071,-0.7071,0.0,0.0,0.866,0.5,0.0,0.0,0.866,0.5,0.000302447557381,-6.61085796317e-05,0.000413480010047,0.999999866595,0.0,0.0,1.0,0.0,0.0,0.0,1.0,0.0,0.0,0.0,-0.4278,0.9039,0.0,0.0,0.4278,0.9039,0.0,0.0,-0.3827,0.9239
23,v,0.0,0.0,0.0,,0.0,-539.04,327.91,,-250.8249974,411.1892622,421.75498,,257.1750026,411.1892622,421.75498,,402.63064,691.7477464,302.72834,,-396.28064,691.7477464,302.72834,,-250.8249974,411.1892622,1022.3,,257.1750026,411.1892622,1022.3,,-0.701444732385,189.485227248,10560.95,,-250.825,218.4792524,11.61130798,,257.175,218.4792524,11.61130798,,432.9902996,523.9263797,102.8997081,,-426.6402996,523.9263797,102.8997081,,3.175,428.0292524,262.3520879,
23,q,0.0,0.0,0.0,1.0,0.0,0.0,0.0,1.0,0.0,0.0,0.866,0.5,0.0,0.0,0.866,0.5,0.0,0.0,0.7071,-0.7071,0.0,0.0,0.7071,-0.7071,0.0,0.0,0.866,0.5,0.0,0.0,0.866,0.5,0.000304985733278,-6.64728003159e-05,0.00041647973132,0.999999864555,0.0,0.0,1.0,0.0,0.0,0.0,1.0,0.0,0.0,0.0,-0.4278,0.9039,0.0,0.0,0.4278,0.9039,0.0,0.0,-0.3827,0.9239
24,v,0.0,0.0,0.0,,0.0,-539.04,327.91,,-250.8249974,411.1892622,421.75498,,257.1750026,411.1892622,421.75498,,402.63064,691.7477464,302.72834,,-396.28064,691.7477464,302.72834,,-250.8249974,411.1892622,1022.3,,257.1750026,411.1892622,1022.3,,-0.702756718999,189.458368547,10560.95,,-250.825,218.4792524,11.61130798,,257.175,218.4792524,11.61130798,,432.9902996,523.9263797,102.8997081,,-426.6402996,523.9263797,102.8997081,,3.175,428.0292524,262.3520879,
24,q,0.0,0.0,0.0,1.0,0.0,0.0,0.0,1.0,0.0,0.0,0.866,0.5,0.0,0.0,0.866,0.5,0.0,0.0,0.7071,-0.7071,0.0,0.0,0.7071,-0.7071,0.0,0.0,0.866,0.5,0.0,0.0,0.866,0.5,0.000307525897473,-6.65988749167e-05,0.000419479523871,0.999999862515,0.0,0.0,1.0,0.0,0.0,0.0,1.0,0.0,0.0,0.0,-0.4278,0.9039,0.0,0.0,0.4278,0.9039,0.0,0.0,-0.3827,0.9239
25,v,0.0,0.0,0.0,,0.0,-539.04,327.91,,-250.8249974,411.1892622,421.75498,,257.1750026,411.1892622,421.75498,,402.63064,691.7477464,302.72834,,-396.28064,691.7477464,302.72834,,-250.8249974,411.1892622,1022.3,,257.1750026,411.1892622,1022.3,,-0.704068716029,189.431529856,10560.95,,-250.825,218.4792524,11.61130798,,257.175,218.4792524,11.61130798,,432.9902996,523.9263797,102.8997081,,-426.6402996,523.9263797,102.8997081,,3.175,428.0292524,262.3520879,
25,q,0.0,0.0,0.0,1.0,0.0,0.0,0.0,1.0,0.0,0.0,0.866,0.5,0.0,0.0,0.866,0.5,0.0,0.0,0.7071,-0.7071,0.0,0.0,0.7071,-0.7071,0.0,0.0,0.866,0.5,0.0,0.0,0.866,0.5,0.000310064168288,-6.67249639597e-05,0.000422479315906,0.99999986046,0.0,0.0,1.0,0.0,0.0,0.0,1.0,0.0,0.0,0.0,-0.4278,0.9039,0.0,0.0,0.4278,0.9039,0.0,0.0,-0.3827,0.9239
26,v,0.0,0.0,0.0,,0.0,-539.04,327.91,,-250.8249974,411.1892622,421.75498,,257.1750026,411.1892622,421.75498,,402.63064,691.7477464,302.72834,,-396.28064,691.7477464,302.72834,,-250.8249974,411.1892622,1022.3,,257.1750026,411.1892622,1022.3,,-0.706448698211,189.403391239,10560.95,,-250.825,218.4792524,11.61130798,,257.175,218.4792524,11.61130798,,432.9902996,523.9263797,102.8997081,,-426.6402996,523.9263797,102.8997081,,3.175,428.0292524,262.3520879,
26,q,0.0,0.0,0.0,1.0,0.0,0.0,0.0,1.0,0.0,0.0,0.866,0.5,0.0,0.0,0.866,0.5,0.0,0.0,0.7071,-0.7071,0.0,0.0,0.7071,-0.7071,0.0,0.0,0.866,0.5,0.0,0.0,0.866,0.5,0.000312725180653,-6.69529178878e-05,0.000427979067129,0.999999857277,0.0,0.0,1.0,0.0,0.0,0.0,1.0,0.0,0.0,0.0,-0.4278,0.9039,0.0,0.0,0.4278,0.9039,0.0,0.0,-0.3827,0.9239
27,v,0.0,0.0,0.0,,0.0,-539.04,327.91,,-250.8249974,411.1892622,421.75498,,257.1750026,411.1892622,421.75498,,402.63064,691.7477464,302.72834,,-396.28064,691.7477464,302.72834,,-250.8249974,411.1892622,1022.3,,257.1750026,411.1892622,1022.3,,-0.711408670862,189.400651375,10560.95,,-250.825,218.4792524,11.61130798,,257.175,218.4792524,11.61130798,,432.9902996,523.9263797,102.8997081,,-426.6402996,523.9263797,102.8997081,,3.175,428.0292524,262.3520879,
27,q,0.0,0.0,0.0,1.0,0.0,0.0,0.0,1.0,0.0,0.0,0.866,0.5,0.0,0.0,0.866,0.5,0.0,0.0,0.7071,-0.7071,0.0,0.0,0.7071,-0.7071,0.0,0.0,0.866,0.5,0.0,0.0,0.866,0.5,0.000312983757584,-6.7423885998e-05,0.000433478902127,0.999999854796,0.0,0.0,1.0,0.0,0.0,0.0,1.0,0.0,0.0,0.0,-0.4278,0.9039,0.0,0.0,0.4278,0.9039,0.0,0.0,-0.3827,0.9239
28,v,0.0,0.0,0.0,,0.0,-539.04,327.91,,-250.8249974,411.1892622,421.75498,,257.1750026,411.1892622,421.75498,,402.63064,691.7477464,302.72834,,-396.28064,691.7477464,302.72834,,-250.8249974,411.1892622,1022.3,,257.1750026,411.1892622,1022.3,,-0.71613863517,189.398131499,10560.95,,-250.825,218.4792524,11.61130798,,257.175,218.4792524,11.61130798,,432.9902996,523.9263797,102.8997081,,-426.6402996,523.9263797,102.8997081,,3.175,428.0292524,262.3520879,
28,q,0.0,0.0,0.0,1.0,0.0,0.0,0.0,1.0,0.0,0.0,0.866,0.5,0.0,0.0,0.866,0.5,0.0,0.0,0.7071,-0.7071,0.0,0.0,0.7071,-0.7071,0.0,0.0,0.866,0.5,0.0,0.0,0.866,0.5,0.000313221565273,-6.78729369085e-05,0.000438478745169,0.999999852511,0.0,0.0,1.0,0.0,0.0,0.0,1.0,0.0,0.0,0.0,-0.4278,0.9039,0.0,0.0,0.4278,0.9039,0.0,0.0,-0.3827,0.9239
29,v,0.0,0.0,0.0,,0.0,-539.04,327.91,,-250.8249974,411.1892622,421.75498,,257.1750026,411.1892622,421.75498,,402.63064,691.7477464,302.72834,,-396.28064,691.7477464,302.72834,,-250.8249974,411.1892622,1022.3,,257.1750026,411.1892622,1022.3,,-0.721051601896,189.370042895,10560.95,,-250.825,218.4792524,11.61130798,,257.175,218.4792524,11.61130798,,432.9902996,523.9263797,102.8997081,,-426.6402996,523.9263797,102.8997081,,3.175,428.0292524,262.3520879,
29,q,0.0,0.0,0.0,1.0,0.0,0.0,0.0,1.0,0.0,0.0,0.866,0.5,0.0,0.0,0.866,0.5,0.0,0.0,0.7071,-0.7071,0.0,0.0,0.7071,-0.7071,0.0,0.0,0.866,0.5,0.0,0.0,0.866,0.5,0.000315877730991,-6.83405294671e-05,0.00044397841721,0.999999849217,0.0,0.0,1.0,0.0,0.0,0.0,1.0,0.0,0.0,0.0,-0.4278,0.9039,0.0,0.0,0.4278,0.9039,0.0,0.0,-0.3827,0.9239
30,v,0.0,0.0,0.0,,0.0,-539.04,327.91,,-250.8249974,411.1892622,421.75498,,257.1750026,411.1892622,421.75498,,402.63064,691.7477464,302.72834,,-396.28064,691.7477464,302.72834,,-250.8249974,411.1892622,1022.3,,257.1750026,411.1892622,1022.3,,-0.723019589397,189.367793008,10560.95,,-250.825,218.4792524,11.61130798,,257.175,218.4792524,11.61130798,,432.9902996,523.9263797,102.8997081,,-426.6402996,523.9263797,102.8997081,,3.175,428.0292524,262.3520879,
30,q,0.0,0.0,0.0,1.0,0.0,0.0,0.0,1.0,0.0,0.0,0.866,0.5,0.0,0.0,0.866,0.5,0.0,0.0,0.7071,-0.7071,0.0,0.0,0.7071,-0.7071,0.0,0.0,0.866,0.5,0.0,0.0,0.866,0.5,0.00031609014433,-6.85281873068e-05,0.000448478343135,0.999999847129,0.0,0.0,1.0,0.0,0.0,0.0,1.0,0.0,0.0,0.0,-0.4278,0.9039,0.0,0.0,0.4278,0.9039,0.0,0.0,-0.3827,0.9239
31,v,0.0,0.0,0.0,,0.0,-539.04,327.91,,-250.8249974,411.1892622,421.75498,,257.1750026,411.1892622,421.75498,,402.63064,691.7477464,302.72834,,-396.28064,691.7477464,302.72834,,-250.8249974,411.1892622,1022.3,,257.1750026,411.1892622,1022.3,,-0.235595747255,191.450821714,10560.95,,-250.825,218.4792524,11.61130798,,257.175,218.4792524,11.61130798,,432.9902996,523.9263797,102.8997081,,-426.6402996,523.9263797,102.8997081,,3.175,428.0292524,262.3520879,
31,q,0.0,0.0,0.0,1.0,0.0,0.0,0.0,1.0,0.0,0.0,0.866,0.5,0.0,0.0,0.866,0.5,0.0,0.0,0.7071,-0.7071,0.0,0.0,0.7071,-0.7071,0.0,0.0,0.866,0.5,0.0,0.0,0.866,0.5,0.000119085529991,-2.23539604465e-05,0.000589997307481,0.999999818611,0.0,0.0,1.0,0.0,0.0,0.0,1.0,0.0,0.0,0.0,-0.4278,0.9039,0.0,0.0,0.4278,0.9039,0.0,0.0,-0.3827,0.9239
32,v,0.0,0.0,0.0,,0.0,-539.04,327.91,,-250.8249974,411.1892622,421.75498,,257.1750026,411.1892622,421.75498,,402.63064,691.7477464,302.72834,,-396.28064,691.7477464,302.72834,,-250.8249974,411.1892622,1022.3,,257.1750026,411.1892622,1022.3,,-0.219375772736,191.647558335,10560.95,,-250.825,218.4792524,11.61130798,,257.175,218.4792524,11.61130798,,432.9902996,523.9263797,102.8997081,,-426.6402996,523.9263797,102.8997081,,3.175,428.0292524,262.3520879,
32,q,0.0,0.0,0.0,1.0,0.0,0.0,0.0,1.0,0.0,0.0,0.866,0.5,0.0,0.0,0.866,0.5,0.0,0.0,0.7071,-0.7071,0.0,0.0,0.7071,-0.7071,0.0,0.0,0.866,0.5,0.0,0.0,0.866,0.5,0.000100479043616,-2.08048060372e-05,0.000549997884245,0.999999843487,0.0,0.0,1.0,0.0,0.0,0.0,1.0,0.0,0.0,0.0,-0.4278,0.9039,0.0,0.0,0.4278,0.9039,0.0,0.0,-0.3827,0.9239
33,v,0.0,0.0,0.0,,0.0,-539.04,327.91,,-250.8249974,411.1892622,421.75498,,257.1750026,411.1892622,421.75498,,402.63064,691.7477464,302.72834,,-396.28064,691.7477464,302.72834,,-250.8249974,411.1892622,1022.3,,257.1750026,411.1892622,1022.3,,-0.213592777236,191.798919129,10560.95,,-250.825,218.4792524,11.61130798,,257.175,218.4792524,11.61130798,,432.9902996,523.9263797,102.8997081,,-426.6402996,523.9263797,102.8997081,,3.175,428.0292524,262.3520879,
33,q,0.0,0.0,0.0,1.0,0.0,0.0,0.0,1.0,0.0,0.0,0.866,0.5,0.0,0.0,0.866,0.5,0.0,0.0,0.7071,-0.7071,0.0,0.0,0.7071,-0.7071,0.0,0.0,0.866,0.5,0.0,0.0,0.866,0.5,8.61636765803e-05,-2.02469355823e-05,0.000514998234281,0.999999863471,0.0,0.0,1.0,0.0,0.0,0.0,1.0,0.0,0.0,0.0,-0.4278,0.9039,0.0,0.0,0.4278,0.9039,0.0,0.0,-0.3827,0.9239
34,v,0.0,0.0,0.0,,0.0,-539.04,327.91,,-250.8249974,411.1892622,421.75498,,257.1750026,411.1892622,421.75498,,402.63064,691.7477464,302.72834,,-396.28064,691.7477464,302.72834,,-250.8249974,411.1892622,1022.3,,257.1750026,411.1892622,1022.3,,-0.209899790416,191.921033591,10560.95,,-250.825,218.4792524,11.61130798,,257.175,218.4792524,11.61130798,,432.9902996,523.9263797,102.8997081,,-426.6402996,523.9263797,102.8997081,,3.175,428.0292524,262.3520879,
34,q,0.0,0.0,0.0,1.0,0.0,0.0,0.0,1.0,0.0,0.0,0.866,0.5,0.0,0.0,0.866,0.5,0.0,0.0,0.7071,-0.7071,0.0,0.0,0.7071,-0.7071,0.0,0.0,0.866,0.5,0.0,0.0,0.866,0.5,7.46143039972e-05,-1.98895237929e-05,0.00048599849789,0.999999878921,0.0,0.0,1.0,0.0,0.0,0.0,1.0,0.0,0.0,0.0,-0.4278,0.9039,0.0,0.0,0.4278,0.9039,0.0,0.0,-0.3827,0.9239
35,v,0.0,0.0,0.0,,0.0,-539.04,327.91,,-250.8249974,411.1892622,421.75498,,257.1750026,411.1892622,421.75498,,402.63064,691.7477464,302.72834,,-396.28064,691.7477464,302.72834,,-250.8249974,411.1892622,1022.3,,257.1750026,411.1892622,1022.3,,-0.206618811381,192.019100524,10560.95,,-250.825,218.4792524,11.61130798,,257.175,218.4792524,11.61130798,,432.9902996,523.9263797,102.8997081,,-426.6402996,523.9263797,102.8997081,,3.175,428.0292524,262.3520879,
35,q,0.0,0.0,0.0,1.0,0.0,0.0,0.0,1.0,0.0,0.0,0.866,0.5,0.0,0.0,0.866,0.5,0.0,0.0,0.7071,-0.7071,0.0,0.0,0.7071,-0.7071,0.0,0.0,0.866,0.5,0.0,0.0,0.866,0.5,6.53393084559e-05,-1.9573149411e-05,0.000462498705338,0.999999890721,0.0,0.0,1.0,0.0,0.0,0.0,1.0,0.0,0.0,0.0,-0.4278,0.9039,0.0,0.0,0.4278,0.9039,0.0,0.0,-0.3827,0.9239
36,v,0.0,0.0,0.0,,0.0,-539.04,327.91,,-250.8249974,411.1892622,421.75498,,257.1750026,411.1892622,421.75498,,402.63064,691.7477464,302.72834,,-396.28064,691.7477464,302.72834,,-250.8249974,411.1892622,1022.3,,257.1750026,411.1892622,1022.3,,-0.204268793862,192.097941764,10560.95,,-250.825,218.4792524,11.61130798,,257.175,218.4792524,11.61130798,,432.9902996,523.9263797,102.8997081,,-426.6402996,523.9263797,102.8997081,,3.175,428.0292524,262.3520879,
36,q,0.0,0.0,0.0,1.0,0.0,0.0,0.0,1.0,0.0,0.0,0.866,0.5,0.0,0.0,0.866,0.5,0.0,0.0,0.7071,-0.7071,0.0,0.0,0.7071,-0.7071,0.0,0.0,0.866,0.5,0.0,0.0,0.866,0.5,5.78826427309e-05,-1.93462697992e-05,0.000442498866239,0.999999900235,0.0,0.0,1.0,0.0,0.0,0.0,1.0,0.0,0.0,0.0,-0.4278,0.9039,0.0,0.0,0.4278,0.9039,0.0,0.0,-0.3827,0.9239
37,v,0.0,0.0,0.0,,0.0,-539.04,327.91,,-250.8249974,411.1892622,421.75498,,257.1750026,411.1892622,421.75498,,402.63064,691.7477464,302.72834,,-396.28064,691.7477464,302.72834,,-250.8249974,411.1892622,1022.3,,257.1750026,411.1892622,1022.3,,-0.202239801273,192.161449223,10560.95,,-250.825,218.4792524,11.61130798,,257.175,218.4792524,11.61130798,,432.9902996,523.9263797,102.8997081,,-426.6402996,523.9263797,102.8997081,,3.175,428.0292524,262.3520879,
37,q,0.0,0.0,0.0,1.0,0.0,0.0,0.0,1.0,0.0,0.0,0.866,0.5,0.0,0.0,0.866,0.5,0.0,0.0,0.7071,-0.7071,0.0,0.0,0.7071,-0.7071,0.0,0.0,0.866,0.5,0.0,0.0,0.866,0.5,5.18762449575e-05,-1.91507924653e-05,0.000424998994073,0.999999908159,0.0,0.0,1.0,0.0,0.0,0.0,1.0,0.0,0.0,0.0,-0.4278,0.9039,0.0,0.0,0.4278,0.9039,0.0,0.0,-0.3827,0.9239
38,v,0.0,0.0,0.0,,0.0,-539.04,327.91,,-250.8249974,411.1892622,421.75498,,257.1750026,411.1892622,421.75498,,402.63064,691.7477464,302.72834,,-396.28064,691.7477464,302.72834,,-250.8249974,411.1892622,1022.3,,257.1750026,411.1892622,1022.3,,-0.200454827579,192.212671819,10560.95,,-250.825,218.4792524,11.61130798,,257.175,218.4792524,11.61130798,,432.9902996,523.9263797,102.8997081,,-426.6402996,523.9263797,102.8997081,,3.175,428.0292524,262.3520879,
38,q,0.0,0.0,0.0,1.0,0.0,0.0,0.0,1.0,0.0,0.0,0.866,0.5,0.0,0.0,0.866,0.5,0.0,0.0,0.7071,-0.7071,0.0,0.0,0.7071,-0.7071,0.0,0.0,0.866,0.5,0.0,0.0,0.866,0.5,4.70317489283e-05,-1.89791714807e-05,0.000409499096164,0.999999914869,0.0,0.0,1.0,0.0,0.0,0.0,1.0,0.0,0.0,0.0,-0.4278,0.9039,0.0,0.0,0.4278,0.9039,0.0,0.0,-0.3827,0.9239
39,v,0.0,0.0,0.0,,0.0,-539.04,327.91,,-250.8249974,411.1892622,421.75498,,257.1750026,411.1892622,421.75498,,402.63064,691.7477464,302.72834,,-396.28064,691.7477464,302.72834,,-250.8249974,411.1892622,1022.3,,257.1750026,411.1892622,1022.3,,-0.198516812937,192.253901527,10560.95,,-250.825,218.4792524,11.61130798,,257.175,218.4792524,11.61130798,,432.9902996,523.9263797,102.8997081,,-426.6402996,523.9263797,102.8997081,,3.175,428.0292524,262.3520879,
39,q,0.0,0.0,0.0,1.0,0.0,0.0,0.0,1.0,0.0,0.0,0.866,0.5,0.0,0.0,0.866,0.5,0.0,0.0,0.7071,-0.7071,0.0,0.0,0.7071,-0.7071,0.0,0.0,0.866,0.5,0.0,0.0,0.866,0.5,4.31323975797e-05,-1.87936663766e-05,0.000395499179232,0.999999920683,0.0,0.0,1.0,0.0,0.0,0.0,1.0,0.0,0.0,0.0,-0.4278,0.9039,0.0,0.0,0.4278,0.9039,0.0,0.0,-0.3827,0.9239
40,v,0.0,0.0,0.0,,0.0,-539.04,327.91,,-250.8249974,411.1892622,421.75498,,257.1750026,411.1892622,421.75498,,402.63064,691.7477464,302.72834,,-396.28064,691.7477464,302.72834,,-250.8249974,411.1892622,1022.3,,257.1750026,411.1892622,1022.3,,-0.196700826648,192.286615317,10560.95,,-250.825,218.4792524,11.61130798,,257.175,218.4792524,11.61130798,,432.9902996,523.9263797,102.8997081,,-426.6402996,523.9263797,102.8997081,,3.175,428.0292524,262.3520879,
40,q,0.0,0.0,0.0,1.0,0.0,0.0,0.0,1.0,0.0,0.0,0.866,0.5,0.0,0.0,0.866,0.5,0.0,0.0,0.7071,-0.7071,0.0,0.0,0.7071,-0.7071,0.0,0.0,0.866,0.5,0.0,0.0,0.866,0.5,4.0038473251e-05,-1.86201971035e-05,0.000383499245184,0.999999925489,0.0,0.0,1.0,0.0,0.0,0.0,1.0,0.0,0.0,0.0,-0.4278,0.9039,0.0,0.0,0.4278,0.9039,0.0,0.0,-0.3827,0.9239
41,v,0.0,0.0,0.0,,0.0,-539.04,327.91,,-250.8249974,411.1892622,421.75498,,257.1750026,411.1892622,421.75498,,402.63064,691.7477464,302.72834,,-396.28064,691.7477464,302.72834,,-250.8249974,411.1892622,1022.3,,257.1750026,411.1892622,1022.3,,-0.194671822391,192.312311168,10560.95,,-250.825,218.4792524,11.61130798,,257.175,218.4792524,11.61130798,,432.9902996,523.9263797,102.8997081,,-426.6402996,523.9263797,102.8997081,,3.175,428.0292524,262.3520879,
41,q,0.0,0.0,0.0,1.0,0.0,0.0,0.0,1.0,0.0,0.0,0.866,0.5,0.0,0.0,0.866,0.5,0.0,0.0,0.7071,-0.7071,0.0,0.0,0.7071,-0.7071,0.0,0.0,0.866,0.5,0.0,0.0,0.866,0.5,3.76083129478e-05,-1.84269586399e-05,0.000372999298418,0.999999929559,0.0,0.0,1.0,0.0,0.0,0.0,1.0,0.0,0.0,0.0,-0.4278,0.9039,0.0,0.0,0.4278,0.9039,0.0,0.0,-0.3827,0.9239
42,v,0.0,0.0,0.0,,0.0,-539.04,327.91,,-250.8249974,411.1892622,421.75498,,257.1750026,411.1892622,421.75498,,402.63064,691.7477464,302.72834,,-396.28064,691.7477464,302.72834,,-250.8249974,411.1892622,1022.3,,257.1750026,411.1892622,1022.3,,-0.191832835849,192.332590046,10560.95,,-250.825,218.4792524,11.61130798,,257.175,218.4792524,11.61130798,,432.9902996,523.9263797,102.8997081,,-426.6402996,523.9263797,102.8997081,,3.175,428.0292524,262.3520879,
42,q,0.0,0.0,0.0,1.0,0.0,0.0,0.0,1.0,0.0,0.0,0.866,0.5,0.0,0.0,0.866,0.5,0.0,0.0,0.7071,-0.7071,0.0,0.0,0.7071,-0.7071,0.0,0.0,0.866,0.5,0.0,0.0,0.866,0.5,3.56905184389e-05,-1.81573793575e-05,0.000363499344001,0.999999933132,0.0,0.0,1.0,0.0,0.0,0.0,1.0,0.0,0.0,0.0,-0.4278,0.9039,0.0,0.0,0.4278,0.9039,0.0,0.0,-0.3827,0.9239
43,v,0.0,0.0,0.0,,0.0,-539.04,327.91,,-250.8249974,411.1892622,421.75498,,257.1750026,411.1892622,421.75498,,402.63064,691.7477464,302.72834,,-396.28064,691.7477464,302.72834,,-250.8249974,411.1892622,1022.3,,257.1750026,411.1892622,1022.3,,-0.185485842207,192.349694959,10560.95,,-250.825,218.4792524,11.61130798,,257.175,218.4792524,11.61130798,,432.9902996,523.9263797,102.8997081,,-426.6402996,523.9263797,102.8997081,,3.175,428.0292524,262.3520879,
43,q,0.0,0.0,0.0,1.0,0.0,0.0,0.0,1.0,0.0,0.0,0.866,0.5,0.0,0.0,0.866,0.5,0.0,0.0,0.7071,-0.7071,0.0,0.0,0.7071,-0.7071,0.0,0.0,0.866,0.5,0.0,0.0,0.866,0.5,3.40730363862e-05,-1.75561581263e-05,0.000354499394425,0.99999993643,0.0,0.0,1.0,0.0,0.0,0.0,1.0,0.0,0.0,0.0,-0.4278,0.9039,0.0,0.0,0.4278,0.9039,0.0,0.0,-0.3827,0.9239
44,v,0.0,0.0,0.0,,0.0,-539.04,327.91,,-250.8249974,411.1892622,421.75498,,257.1750026,411.1892622,421.75498,,402.63064,691.7477464,302.72834,,-396.28064,691.7477464,302.72834,,-250.8249974,411.1892622,1022.3,,257.1750026,411.1892622,1022.3,,-0.178481859067,192.363397891,10560.95,,-250.825,218.4792524,11.61130798,,257.175,218.4792524,11.61130798,,432.9902996,523.9263797,102.8997081,,-426.6402996,523.9263797,102.8997081,,3.175,428.0292524,262.3520879,
44,q,0.0,0.0,0.0,1.0,0.0,0.0,0.0,1.0,0.0,0.0,0.866,0.5,0.0,0.0,0.866,0.5,0.0,0.0,0.7071,-0.7071,0.0,0.0,0.7071,-0.7071,0.0,0.0,0.866,0.5,0.0,0.0,0.866,0.5,3.27773223589e-05,-1.68929680412e-05,0.000346499439398,0.999999939289,0.0,0.0,1.0,0.0,0.0,0.0,1.0,0.0,0.0,0.0,-0.4278,0.9039,0.0,0.0,0.4278,0.9039,0.0,0.0,-0.3827,0.9239
45,v,0.0,0.0,0.0,,0.0,-539.04,327.91,,-250.8249974,411.1892622,421.75498,,257.1750026,411.1892622,421.75498,,402.63064,691.7477464,302.72834,,-396.28064,691.7477464,302.72834,,-250.8249974,411.1892622,1022.3,,257.1750026,411.1892622,1022.3,,-0.170058849063,192.374246825,10560.95,,-250.825,218.4792524,11.61130798,,257.175,218.4792524,11.61130798,,432.9902996,523.9263797,102.8997081,,-426.6402996,523.9263797,102.8997081,,3.175,428.0292524,262.3520879,
45,q,0.0,0.0,0.0,1.0,0.0,0.0,0.0,1.0,0.0,0.0,0.866,0.5,0.0,0.0,0.866,0.5,0.0,0.0,0.7071,-0.7071,0.0,0.0,0.7071,-0.7071,0.0,0.0,0.866,0.5,0.0,0.0,0.866,0.5,3.17515775482e-05,-1.6095690769e-05,0.000338999482483,0.999999941906,0.0,0.0,1.0,0.0,0.0,0.0,1.0,0.0,0.0,0.0,-0.4278,0.9039,0.0,0.0,0.4278,0.9039,0.0,0.0,-0.3827,0.9239
46,v,0.0,0.0,0.0,,0.0,-539.04,327.91,,-250.8249974,411.1892622,421.75498,,257.1750026,411.1892622,421.75498,,402.63064,691.7477464,302.72834,,-396.28064,691.7477464,302.72834,,-250.8249974,411.1892622,1022.3,,257.1750026,411.1892622,1022.3,,-0.160567872732,192.38240979,10560.95,,-250.825,218.4792524,11.61130798,,257.175,218.4792524,11.61130798,,432.9902996,523.9263797,102.8997081,,-426.6402996,523.9263797,102.8997081,,3.175,428.0292524,262.3520879,
46,q,0.0,0.0,0.0,1.0,0.0,0.0,0.0,1.0,0.0,0.0,0.866,0.5,0.0,0.0,0.866,0.5,0.0,0.0,0.7071,-0.7071,0.0,0.0,0.7071,-0.7071,0.0,0.0,0.866,0.5,0.0,0.0,0.866,0.5,3.09798915267e-05,-1.5197527971e-05,0.0003324995231,0.999999944127,0.0,0.0,1.0,0.0,0.0,0.0,1.0,0.0,0.0,0.0,-0.4278,0.9039,0.0,0.0,0.4278,0.9039,0.0,0.0,-0.3827,0.9239
47,v,0.0,0.0,0.0,,0.0,-539.04,327.91,,-250.8249974,411.1892622,421.75498,,257.1750026,411.1892622,421.75498,,402.63064,691.7477464,302.72834,,-396.28064,691.7477464,302.72834,,-250.8249974,411.1892622,1022.3,,257.1750026,411.1892622,1022.3,,-0.148696882055,192.38843676,10560.95,,-250.825,218.4792524,11.61130798,,257.175,218.4792524,11.61130798,,432.9902996,523.9263797,102.8997081,,-426.6402996,523.9263797,102.8997081,,3.175,428.0292524,262.3520879,
47,q,0.0,0.0,0.0,1.0,0.0,0.0,0.0,1.0,0.0,0.0,0.866,0.5,0.0,0.0,0.866,0.5,0.0,0.0,0.7071,-0.7071,0.0,0.0,0.7071,-0.7071,0.0,0.0,0.866,0.5,0.0,0.0,0.866,0.5,3.04102967573e-05,-1.40743342049e-05,0.000326128066268,0.999999946259,0.0,0.0,1.0,0.0,0.0,0.0,1.0,0.0,0.0,0.0,-0.4278,0.9039,0.0,0.0,0.4278,0.9039,0.0,0.0,-0.3827,0.9239
48,v,0.0,0.0,0.0,,0.0,-539.04,327.91,,-250.8249974,411.1892622,421.75498,,257.1750026,411.1892622,421.75498,,402.63064,691.7477464,302.72834,,-396.28064,691.7477464,302.72834,,-250.8249974,411.1892622,1022.3,,257.1750026,411.1892622,1022.3,,-0.136611927595,192.392632734,10560.95,,-250.825,218.4792524,11.61130798,,257.175,218.4792524,11.61130798,,432.9902996,523.9263797,102.8997081,,-426.6402996,523.9263797,102.8997081,,3.175,428.0292524,262.3520879,
48,q,0.0,0.0,0.0,1.0,0.0,0.0,0.0,1.0,0.0,0.0,0.866,0.5,0.0,0.0,0.866,0.5,0.0,0.0,0.7071,-0.7071,0.0,0.0,0.7071,-0.7071,0.0,0.0,0.866,0.5,0.0,0.0,0.866,0.5,3.00138660345e-05,-1.29309883485e-05,0.000320637606461,0.999999948062,0.0,0.0,1.0,0.0,0.0,0.0,1.0,0.0,0.0,0.0,-0.4278,0.9039,0.0,0.0,0.4278,0.9039,0.0,0.0,-0.3827,0.9239
49,v,0.0,0.0,0.0,,0.0,-539.04,327.91,,-250.8249974,411.1892622,421.75498,,257.1750026,411.1892622,421.75498,,402.63064,691.7477464,302.72834,,-396.28064,691.7477464,302.72834,,-250.8249974,411.1892622,1022.3,,257.1750026,411.1892622,1022.3,,-0.12339792972,192.395226726,10560.95,,-250.825,218.4792524,11.61130798,,257.175,218.4792524,11.61130798,,432.9902996,523.9263797,102.8997081,,-426.6402996,523.9263797,102.8997081,,3.175,428.0292524,262.3520879,
49,q,0.0,0.0,0.0,1.0,0.0,0.0,0.0,1.0,0.0,0.0,0.866,0.5,0.0,0.0,0.866,0.5,0.0,0.0,0.7071,-0.7071,0.0,0.0,0.7071,-0.7071,0.0,0.0,0.866,0.5,0.0,0.0,0.866,0.5,2.97689742417e-05,-1.16809233726e-05,0.000315638647105,0.999999949675,0.0,0.0,1.0,0.0,0.0,0.0,1.0,0.0,0.0,0.0,-0.4278,0.9039,0.0,0.0,0.4278,0.9039,0.0,0.0,-0.3827,0.9239
50,v,0.0,0.0,0.0,,0.0,-539.04,327.91,,-250.8249974,411.1892622,421.75498,,257.1750026,411.1892622,421.75498,,402.63064,691.7477464,302.72834,,-396.28064,691.7477464,302.72834,,-250.8249974,411.1892622,1022.3,,257.1750026,411.1892622,1022.3,,-0.108642929545,192.396401734,10560.95,,-250.825,218.4792524,11.61130798,,257.175,218.4792524,11.61130798,,432.9902996,523.9263797,102.8997081,,-426.6402996,523.9263797,102.8997081,,3.175,428.0292524,262.3520879,
50,q,0.0,0.0,0.0,1.0,0.0,0.0,0.0,1.0,0.0,0.0,0.866,0.5,0.0,0.0,0.866,0.5,0.0,0.0,0.7071,-0.7071,0.0,0.0,0.7071,-0.7071,0.0,0.0,0.866,0.5,0.0,0.0,0.866,0.5,2.9658325673e-05,-1.02851601953e-05,0.000311054690031,0.99999995113,0.0,0.0,1.0,0.0,0.0,0.0,1.0,0.0,0.0,0.0,-0.4278,0.9039,0.0,0.0,0.4278,0.9039,0.0,0.0,-0.3827,0.9239
51,v,0.0,0.0,0.0,,0.0,-539.04,327.91,,-250.8249974,411.1892622,421.75498,,257.1750026,411.1892622,421.75498,,402.63064,691.7477464,302.72834,,-396.28064,691.7477464,302.72834,,-250.8249974,411.1892622,1022.3,,257.1750026,411.1892622,1022.3,,-0.0925139521038,192.398187724,10560.95,,-250.825,218.4792524,11.61130798,,257.175,218.4792524,11.61130798,,432.9902996,523.9263797,102.8997081,,-426.6402996,523.9263797,102.8997081,,3.175,428.0292524,262.3520879,
51,q,0.0,0.0,0.0,1.0,0.0,0.0,0.0,1.0,0.0,0.0,0.866,0.5,0.0,0.0,0.866,0.5,0.0,0.0,0.7071,-0.7071,0.0,0.0,0.7071,-0.7071,0.0,0.0,0.866,0.5,0.0,0.0,0.866,0.5,2.94898972387e-05,-8.75947527182e-06,0.000308304236898,0.999999952001,0.0,0.0,1.0,0.0,0.0,0.0,1.0,0.0,0.0,0.0,-0.4278,0.9039,0.0,0.0,0.4278,0.9039,0.0,0.0,-0.3827,0.9239
52,v,0.0,0.0,0.0,,0.0,-539.04,327.91,,-250.8249974,411.1892622,421.75498,,257.1750026,411.1892622,421.75498,,402.63064,691.7477464,302.72834,,-396.28064,691.7477464,302.72834,,-250.8249974,411.1892622,1022.3,,257.1750026,411.1892622,1022.3,,-0.0744628487672,192.400247714,10560.95,,-250.825,218.4792524,11.61130798,,257.175,218.4792524,11.61130798,,432.9902996,523.9263797,102.8997081,,-426.6402996,523.9263797,102.8997081,,3.175,428.0292524,262.3520879,
52,q,0.0,0.0,0.0,1.0,0.0,0.0,0.0,1.0,0.0,0.0,0.866,0.5,0.0,0.0,0.866,0.5,0.0,0.0,0.7071,-0.7071,0.0,0.0,0.7071,-0.7071,0.0,0.0,0.866,0.5,0.0,0.0,0.866,0.5,2.92955972621e-05,-7.05199357654e-06,0.000305932788744,0.999999952749,0.0,0.0,1.0,0.0,0.0,0.0,1.0,0.0,0.0,0.0,-0.4278,0.9039,0.0,0.0,0.4278,0.9039,0.0,0.0,-0.3827,0.9239
53,v,0.0,0.0,0.0,,0.0,-539.04,327.91,,-250.8249974,411.1892622,421.75498,,257.1750026,411.1892622,421.75498,,402.63064,691.7477464,302.72834,,-396.28064,691.7477464,302.72834,,-250.8249974,411.1892622,1022.3,,257.1750026,411.1892622,1022.3,,-0.0562591513532,192.402368698,10560.95,,-250.825,218.4792524,11.61130798,,257.175,218.4792524,11.61130798,,432.9902996,523.9263797,102.8997081,,-426.6402996,523.9263797,102.8997081,,3.175,428.0292524,262.3520879,
53,q,0.0,0.0,0.0,1.0,0.0,0.0,0.0,1.0,0.0,0.0,0.866,0.5,0.0,0.0,0.866,0.5,0.0,0.0,0.7071,-0.7071,0.0,0.0,0.7071,-0.7071,0.0,0.0,0.866,0.5,0.0,0.0,0.866,0.5,2.90955238976e-05,-5.33007740718e-06,0.000303568840372,0.999999953485,0.0,0.0,1.0,0.0,0.0,0.0,1.0,0.0,0.0,0.0,-0.4278,0.9039,0.0,0.0,0.4278,0.9039,0.0,0.0,-0.3827,0.9239
54,v,0.0,0.0,0.0,,0.0,-539.04,327.91,,-250.8249974,411.1892622,421.75498,,257.1750026,411.1892622,421.75498,,402.63064,691.7477464,302.72834,,-396.28064,691.7477464,302.72834,,-250.8249974,411.1892622,1022.3,,257.1750026,411.1892622,1022.3,,-0.036453171557,192.40464168,10560.95,,-250.825,218.4792524,11.61130798,,257.175,218.4792524,11.61130798,,432.9902996,523.9263797,102.8997081,,-426.6402996,523.9263797,102.8997081,,3.175,428.0292524,262.3520879,
54,q,0.0,0.0,0.0,1.0,0.0,0.0,0.0,1.0,0.0,0.0,0.866,0.5,0.0,0.0,0.866,0.5,0.0,0.0,0.7071,-0.7071,0.0,0.0,0.7071,-0.7071,0.0,0.0,0.866,0.5,0.0,0.0,0.866,0.5,2.88811102858e-05,-3.45661308715e-06,0.000301486895722,0.99999995413,0.0,0.0,1.0,0.0,0.0,0.0,1.0,0.0,0.0,0.0,-0.4278,0.9039,0.0,0.0,0.4278,0.9039,0.0,0.0,-0.3827,0.9239
55,v,0.0,0.0,0.0,,0.0,-539.04,327.91,,-250.8249974,411.1892622,421.75498,,257.1750026,411.1892622,421.75498,,402.63064,691.7477464,302.72834,,-396.28064,691.7477464,302.72834,,-250.8249974,411.1892622,1022.3,,257.1750026,411.1892622,1022.3,,-0.0161896985842,192.406976684,10560.95,,-250.825,218.4792524,11.61130798,,257.175,218.4792524,11.61130798,,432.9902996,523.9263797,102.8997081,,-426.6402996,523.9263797,102.8997081,,3.175,428.0292524,262.3520879,
55,q,0.0,0.0,0.0,1.0,0.0,0.0,0.0,1.0,0.0,0.0,0.866,0.5,0.0,0.0,0.866,0.5,0.0,0.0,0.7071,-0.7071,0.0,0.0,0.7071,-0.7071,0.0,0.0,0.866,0.5,0.0,0.0,0.866,0.5,2.8660837534e-05,-1.53986722727e-06,0.000299457451512,0.999999954751,0.0,0.0,1.0,0.0,0.0,0.0,1.0,0.0,0.0,0.0,-0.4278,0.9039,0.0,0.0,0.4278,0.9039,0.0,0.0,-0.3827,0.9239
56,v,0.0,0.0,0.0,,0.0,-539.04,327.91,,-250.8249974,411.1892622,421.75498,,257.1750026,411.1892622,421.75498,,402.63064,691.7477464,302.72834,,-396.28064,691.7477464,302.72834,,-250.8249974,411.1892622,1022.3,,257.1750026,411.1892622,1022.3,,0.0047152912534,192.40940267,10560.95,,-250.825,218.4792524,11.61130798,,257.175,218.4792524,11.61130798,,432.9902996,523.9263797,102.8997081,,-426.6402996,523.9263797,102.8997081,,3.175,428.0292524,262.3520879,
56,q,0.0,0.0,0.0,1.0,0.0,0.0,0.0,1.0,0.0,0.0,0.866,0.5,0.0,0.0,0.866,0.5,0.0,0.0,0.7071,-0.7071,0.0,0.0,0.7071,-0.7071,0.0,0.0,0.866,0.5,0.0,0.0,0.866,0.5,2.84319679229e-05,4.37503627238e-07,0.00029752750817,0.999999955334,0.0,0.0,1.0,0.0,0.0,0.0,1.0,0.0,0.0,0.0,-0.4278,0.9039,0.0,0.0,0.4278,0.9039,0.0,0.0,-0.3827,0.9239
57,v,0.0,0.0,0.0,,0.0,-539.04,327.91,,-250.8249974,411.1892622,421.75498,,257.1750026,411.1892622,421.75498,,402.63064,691.7477464,302.72834,,-396.28064,691.7477464,302.72834,,-250.8249974,411.1892622,1022.3,,257.1750026,411.1892622,1022.3,,0.026641894337,192.411920646,10560.95,,-250.825,218.4792524,11.61130798,,257.175,218.4792524,11.61130798,,432.9902996,523.9263797,102.8997081,,-426.6402996,523.9263797,102.8997081,,3.175,428.0292524,262.3520879,
57,q,0.0,0.0,0.0,1.0,0.0,0.0,0.0,1.0,0.0,0.0,0.866,0.5,0.0,0.0,0.866,0.5,0.0,0.0,0.7071,-0.7071,0.0,0.0,0.7071,-0.7071,0.0,0.0,0.866,0.5,0.0,0.0,0.866,0.5,2.81944178782e-05,2.51156246203e-06,0.000295740066616,0.999999955868,0.0,0.0,1.0,0.0,0.0,0.0,1.0,0.0,0.0,0.0,-0.4278,0.9039,0.0,0.0,0.4278,0.9039,0.0,0.0,-0.3827,0.9239
58,v,0.0,0.0,0.0,,0.0,-539.04,327.91,,-250.8249974,411.1892622,421.75498,,257.1750026,411.1892622,421.75498,,402.63064,691.7477464,302.72834,,-396.28064,691.7477464,302.72834,,-250.8249974,411.1892622,1022.3,,257.1750026,411.1892622,1022.3,,0.0491791082051,192.414483642,10560.95,,-250.825,218.4792524,11.61130798,,257.175,218.4792524,11.61130798,,432.9902996,523.9263797,102.8997081,,-426.6402996,523.9263797,102.8997081,,3.175,428.0292524,262.3520879,
58,q,0.0,0.0,0.0,1.0,0.0,0.0,0.0,1.0,0.0,0.0,0.866,0.5,0.0,0.0,0.866,0.5,0.0,0.0,0.7071,-0.7071,0.0,0.0,0.7071,-0.7071,0.0,0.0,0.866,0.5,0.0,0.0,0.866,0.5,2.79526214448e-05,4.64336104615e-06,0.000294026625663,0.999999956373,0.0,0.0,1.0,0.0,0.0,0.0,1.0,0.0,0.0,0.0,-0.4278,0.9039,0.0,0.0,0.4278,0.9039,0.0,0.0,-0.3827,0.9239
59,v,0.0,0.0,0.0,,0.0,-539.04,327.91,,-250.8249974,411.1892622,421.75498,,257.1750026,411.1892622,421.75498,,402.63064,691.7477464,302.72834,,-396.28064,691.7477464,302.72834,,-250.8249974,411.1892622,1022.3,,257.1750026,411.1892622,1022.3,,0.0701446812566,192.418572619,10560.95,,-250.825,218.4792524,11.61130798,,257.175,218.4792524,11.61130798,,432.9902996,523.9263797,102.8997081,,-426.6402996,523.9263797,102.8997081,,3.175,428.0292524,262.3520879,
59,q,0.0,0.0,0.0,1.0,0.0,0.0,0.0,1.0,0.0,0.0,0.866,0.5,0.0,0.0,0.866,0.5,0.0,0.0,0.7071,-0.7071,0.0,0.0,0.7071,-0.7071,0.0,0.0,0.866,0.5,0.0,0.0,0.866,0.5,2.75664353369e-05,6.62655812235e-06,0.000291762678623,0.999999957035,0.0,0.0,1.0,0.0,0.0,0.0,1.0,0.0,0.0,0.0,-0.4278,0.9039,0.0,0.0,0.4278,0.9039,0.0,0.0,-0.3827,0.9239
60,v,0.0,0.0,0.0,,0.0,-539.04,327.91,,-250.8249974,411.1892622,421.75498,,257.1750026,411.1892622,421.75498,,402.63064,691.7477464,302.72834,,-396.28064,691.7477464,302.72834,,-250.8249974,411.1892622,1022.3,,257.1750026,411.1892622,1022.3,,0.0879364556543,192.424050608,10560.95,,-250.825,218.4792524,11.61130798,,257.175,218.4792524,11.61130798,,432.9902996,523.9263797,102.8997081,,-426.6402996,523.9263797,102.8997081,,3.175,428.0292524,262.3520879,
60,q,0.0,0.0,0.0,1.0,0.0,0.0,0.0,1.0,0.0,0.0,0.866,0.5,0.0,0.0,0.866,0.5,0.0,0.0,0.7071,-0.7071,0.0,0.0,0.7071,-0.7071,0.0,0.0,0.866,0.5,0.0,0.0,0.866,0.5,2.70487667814e-05,8.3096202296e-06,0.000288381720843,0.999999958018,0.0,0.0,1.0,0.0,0.0,0.0,1.0,0.0,0.0,0.0,-0.4278,0.9039,0.0,0.0,0.4278,0.9039,0.0,0.0,-0.3827,0.9239
61,v,0.0,0.0,0.0,,0.0,-539.04,327.91,,-250.8249974,411.1892622,421.75498,,257.1750026,411.1892622,421.75498,,402.63064,691.7477464,302.72834,,-396.28064,691.7477464,302.72834,,-250.8249974,411.1892622,1022.3,,257.1750026,411.1892622,1022.3,,0.10479707515,192.430490574,10560.95,,-250.825,218.4792524,11.61130798,,257.175,218.4792524,11.61130798,,432.9902996,523.9263797,102.8997081,,-426.6402996,523.9263797,102.8997081,,3.175,428.0292524,262.3520879,
61,q,0.0,0.0,0.0,1.0,0.0,0.0,0.0,1.0,0.0,0.0,0.866,0.5,0.0,0.0,0.866,0.5,0.0,0.0,0.7071,-0.7071,0.0,0.0,0.7071,-0.7071,0.0,0.0,0.866,0.5,0.0,0.0,0.866,0.5,2.64400653845e-05,9.90465458451e-06,0.000284349758105,0.999999959174,0.0,0.0,1.0,0.0,0.0,0.0,1.0,0.0,0.0,0.0,-0.4278,0.9039,0.0,0.0,0.4278,0.9039,0.0,0.0,-0.3827,0.9239
62,v,0.0,0.0,0.0,,0.0,-539.04,327.91,,-250.8249974,411.1892622,421.75498,,257.1750026,411.1892622,421.75498,,402.63064,691.7477464,302.72834,,-396.28064,691.7477464,302.72834,,-250.8249974,411.1892622,1022.3,,257.1750026,411.1892622,1022.3,,0.12077308843,192.43750955,10560.95,,-250.825,218.4792524,11.61130798,,257.175,218.4792524,11.61130798,,432.9902996,523.9263797,102.8997081,,-426.6402996,523.9263797,102.8997081,,3.175,428.0292524,262.3520879,
62,q,0.0,0.0,0.0,1.0,0.0,0.0,0.0,1.0,0.0,0.0,0.866,0.5,0.0,0.0,0.866,0.5,0.0,0.0,0.7071,-0.7071,0.0,0.0,0.7071,-0.7071,0.0,0.0,0.866,0.5,0.0,0.0,0.866,0.5,2.57765567623e-05,1.14160451924e-05,0.000279733290656,0.999999960477,0.0,0.0,1.0,0.0,0.0,0.0,1.0,0.0,0.0,0.0,-0.4278,0.9039,0.0,0.0,0.4278,0.9039,0.0,0.0,-0.3827,0.9239
63,v,0.0,0.0,0.0,,0.0,-539.04,327.91,,-250.8249974,411.1892622,421.75498,,257.1750026,411.1892622,421.75498,,402.63064,691.7477464,302.72834,,-396.28064,691.7477464,302.72834,,-250.8249974,411.1892622,1022.3,,257.1750026,411.1892622,1022.3,,0.136017101612,192.44507752,10560.95,,-250.825,218.4792524,11.61130798,,257.175,218.4792524,11.61130798,,432.9902996,523.9263797,102.8997081,,-426.6402996,523.9263797,102.8997081,,3.175,428.0292524,262.3520879,
63,q,0.0,0.0,0.0,1.0,0.0,0.0,0.0,1.0,0.0,0.0,0.866,0.5,0.0,0.0,0.866,0.5,0.0,0.0,0.7071,-0.7071,0.0,0.0,0.7071,-0.7071,0.0,0.0,0.866,0.5,0.0,0.0,0.866,0.5,2.50610819238e-05,1.28582209038e-05,0.000274612818807,0.999999961897,0.0,0.0,1.0,0.0,0.0,0.0,1.0,0.0,0.0,0.0,-0.4278,0.9039,0.0,0.0,0.4278,0.9039,0.0,0.0,-0.3827,0.9239
64,v,0.0,0.0,0.0,,0.0,-539.04,327.91,,-250.8249974,411.1892622,421.75498,,257.1750026,411.1892622,421.75498,,402.63064,691.7477464,302.72834,,-396.28064,691.7477464,302.72834,,-250.8249974,411.1892622,1022.3,,257.1750026,411.1892622,1022.3,,0.150940095554,192.453423478,10560.95,,-250.825,218.4792524,11.61130798,,257.175,218.4792524,11.61130798,,432.9902996,523.9263797,102.8997081,,-426.6402996,523.9263797,102.8997081,,3.175,428.0292524,262.3520879,
64,q,0.0,0.0,0.0,1.0,0.0,0.0,0.0,1.0,0.0,0.0,0.866,0.5,0.0,0.0,0.866,0.5,0.0,0.0,0.7071,-0.7071,0.0,0.0,0.7071,-0.7071,0.0,0.0,0.866,0.5,0.0,0.0,0.866,0.5,2.42719917197e-05,1.42700577161e-05,0.000269078343113,0.999999963402,0.0,0.0,1.0,0.0,0.0,0.0,1.0,0.0,0.0,0.0,-0.4278,0.9039,0.0,0.0,0.4278,0.9039,0.0,0.0,-0.3827,0.9239
65,v,0.0,0.0,0.0,,0.0,-539.04,327.91,,-250.8249974,411.1892622,421.75498,,257.1750026,411.1892622,421.75498,,402.63064,691.7477464,302.72834,,-396.28064,691.7477464,302.72834,,-250.8249974,411.1892622,1022.3,,257.1750026,411.1892622,1022.3,,0.165192132707,192.462029452,10560.95,,-250.825,218.4792524,11.61130798,,257.175,218.4792524,11.61130798,,432.9902996,523.9263797,102.8997081,,-426.6402996,523.9263797,102.8997081,,3.175,428.0292524,262.3520879,
65,q,0.0,0.0,0.0,1.0,0.0,0.0,0.0,1.0,0.0,0.0,0.866,0.5,0.0,0.0,0.866,0.5,0.0,0.0,0.7071,-0.7071,0.0,0.0,0.7071,-0.7071,0.0,0.0,0.866,0.5,0.0,0.0,0.866,0.5,2.34582709488e-05,1.56184355867e-05,0.000263143863321,0.999999964981,0.0,0.0,1.0,0.0,0.0,0.0,1.0,0.0,0.0,0.0,-0.4278,0.9039,0.0,0.0,0.4278,0.9039,0.0,0.0,-0.3827,0.9239
66,v,0.0,0.0,0.0,,0.0,-539.04,327.91,,-250.8249974,411.1892622,421.75498,,257.1750026,411.1892622,421.75498,,402.63064,691.7477464,302.72834,,-396.28064,691.7477464,302.72834,,-250.8249974,411.1892622,1022.3,,257.1750026,411.1892622,1022.3,,0.179443160412,192.471490417,10560.95,,-250.825,218.4792524,11.61130798,,257.175,218.4792524,11.61130798,,432.9902996,523.9263797,102.8997081,,-426.6402996,523.9263797,102.8997081,,3.175,428.0292524,262.3520879,
66,q,0.0,0.0,0.0,1.0,0.0,0.0,0.0,1.0,0.0,0.0,0.866,0.5,0.0,0.0,0.866,0.5,0.0,0.0,0.7071,-0.7071,0.0,0.0,0.7071,-0.7071,0.0,0.0,0.866,0.5,0.0,0.0,0.866,0.5,2.25636596081e-05,1.69667368583e-05,0.00025691387996,0.999999966599,0.0,0.0,1.0,0.0,0.0,0.0,1.0,0.0,0.0,0.0,-0.4278,0.9039,0.0,0.0,0.4278,0.9039,0.0,0.0,-0.3827,0.9239
67,v,0.0,0.0,0.0,,0.0,-539.04,327.91,,-250.8249974,411.1892622,421.75498,,257.1750026,411.1892622,421.75498,,402.63064,691.7477464,302.72834,,-396.28064,691.7477464,302.72834,,-250.8249974,411.1892622,1022.3,,257.1750026,411.1892622,1022.3,,0.193634170069,192.481393375,10560.95,,-250.825,218.4792524,11.61130798,,257.175,218.4792524,11.61130798,,432.9902996,523.9263797,102.8997081,,-426.6402996,523.9263797,102.8997081,,3.175,428.0292524,262.3520879,
67,q,0.0,0.0,0.0,1.0,0.0,0.0,0.0,1.0,0.0,0.0,0.866,0.5,0.0,0.0,0.866,0.5,0.0,0.0,0.7071,-0.7071,0.0,0.0,0.7071,-0.7071,0.0,0.0,0.866,0.5,0.0,0.0,0.866,0.5,2.16272252156e-05,1.8309360812e-05,0.000250764893285,0.999999968157,0.0,0.0,1.0,0.0,0.0,0.0,1.0,0.0,0.0,0.0,-0.4278,0.9039,0.0,0.0,0.4278,0.9039,0.0,0.0,-0.3827,0.9239
68,v,0.0,0.0,0.0,,0.0,-539.04,327.91,,-250.8249974,411.1892622,421.75498,,257.1750026,411.1892622,421.75498,,402.63064,691.7477464,302.72834,,-396.28064,691.7477464,302.72834,,-250.8249974,411.1892622,1022.3,,257.1750026,411.1892622,1022.3,,0.209229190282,192.492990342,10560.95,,-250.825,218.4792524,11.61130798,,257.175,218.4792524,11.61130798,,432.9902996,523.9263797,102.8997081,,-426.6402996,523.9263797,102.8997081,,3.175,428.0292524,262.3520879,
68,q,0.0,0.0,0.0,1.0,0.0,0.0,0.0,1.0,0.0,0.0,0.866,0.5,0.0,0.0,0.866,0.5,0.0,0.0,0.7071,-0.7071,0.0,0.0,0.7071,-0.7071,0.0,0.0,0.866,0.5,0.0,0.0,0.866,0.5,2.05306011346e-05,1.97847886614e-05,0.000245628403631,0.999999969427,0.0,0.0,1.0,0.0,0.0,0.0,1.0,0.0,0.0,0.0,-0.4278,0.9039,0.0,0.0,0.4278,0.9039,0.0,0.0,-0.3827,0.9239
69,v,0.0,0.0,0.0,,0.0,-539.04,327.91,,-250.8249974,411.1892622,421.75498,,257.1750026,411.1892622,421.75498,,402.63064,691.7477464,302.72834,,-396.28064,691.7477464,302.72834,,-250.8249974,411.1892622,1022.3,,257.1750026,411.1892622,1022.3,,0.224747229357,192.505212316,10560.95,,-250.825,218.4792524,11.61130798,,257.175,218.4792524,11.61130798,,432.9902996,523.9263797,102.8997081,,-426.6402996,523.9263797,102.8997081,,3.175,428.0292524,262.3520879,
69,q,0.0,0.0,0.0,1.0,0.0,0.0,0.0,1.0,0.0,0.0,0.866,0.5,0.0,0.0,0.866,0.5,0.0,0.0,0.7071,-0.7071,0.0,0.0,0.7071,-0.7071,0.0,0.0,0.866,0.5,0.0,0.0,0.866,0.5,1.93748409518e-05,2.12529402117e-05,0.000240308409342,0.999999970712,0.0,0.0,1.0,0.0,0.0,0.0,1.0,0.0,0.0,0.0,-0.4278,0.9039,0.0,0.0,0.4278,0.9039,0.0,0.0,-0.3827,0.9239
70,v,0.0,0.0,0.0,,0.0,-539.04,327.91,,-250.8249974,411.1892622,421.75498,,257.1750026,411.1892622,421.75498,,402.63064,691.7477464,302.72834,,-396.28064,691.7477464,302.72834,,-250.8249974,411.1892622,1022.3,,257.1750026,411.1892622,1022.3,,-0.390120297283,189.961566014,10560.95,,-250.825,218.4792524,11.61130798,,257.175,218.4792524,11.61130798,,432.9902996,523.9263797,102.8997081,,-426.6402996,523.9263797,102.8997081,,3.175,428.0292524,262.3520879,
70,q,0.0,0.0,0.0,1.0,0.0,0.0,0.0,1.0,0.0,0.0,0.866,0.5,0.0,0.0,0.866,0.5,0.0,0.0,0.7071,-0.7071,0.0,0.0,0.7071,-0.7071,0.0,0.0,0.866,0.5,0.0,0.0,0.866,0.5,0.000259956012918,-3.69213864724e-05,8.48889046564e-05,0.999999961927,0.0,0.0,1.0,0.0,0.0,0.0,1.0,0.0,0.0,0.0,-0.4278,0.9039,0.0,0.0,0.4278,0.9039,0.0,0.0,-0.3827,0.9239
71,v,0.0,0.0,0.0,,0.0,-539.04,327.91,,-250.8249974,411.1892622,421.75498,,257.1750026,411.1892622,421.75498,,402.63064,691.7477464,302.72834,,-396.28064,691.7477464,302.72834,,-250.8249974,411.1892622,1022.3,,257.1750026,411.1892622,1022.3,,-0.39201328439,189.785683447,10560.95,,-250.825,218.4792524,11.61130798,,257.175,218.4792524,11.61130798,,432.9902996,523.9263797,102.8997081,,-426.6402996,523.9263797,102.8997081,,3.175,428.0292524,262.3520879,
71,q,0.0,0.0,0.0,1.0,0.0,0.0,0.0,1.0,0.0,0.0,0.866,0.5,0.0,0.0,0.866,0.5,0.0,0.0,0.7071,-0.7071,0.0,0.0,0.7071,-0.7071,0.0,0.0,0.866,0.5,0.0,0.0,0.866,0.5,0.000276590205895,-3.71133990495e-05,0.000126656239042,0.999999953039,0.0,0.0,1.0,0.0,0.0,0.0,1.0,0.0,0.0,0.0,-0.4278,0.9039,0.0,0.0,0.4278,0.9039,0.0,0.0,-0.3827,0.9239
72,v,0.0,0.0,0.0,,0.0,-539.04,327.91,,-250.8249974,411.1892622,421.75498,,257.1750026,411.1892622,421.75498,,402.63064,691.7477464,302.72834,,-396.28064,691.7477464,302.72834,,-250.8249974,411.1892622,1022.3,,257.1750026,411.1892622,1022.3,,-0.390746299195,189.637190088,10560.95,,-250.825,218.4792524,11.61130798,,257.175,218.4792524,11.61130798,,432.9902996,523.9263797,102.8997081,,-426.6402996,523.9263797,102.8997081,,3.175,428.0292524,262.3520879,
72,q,0.0,0.0,0.0,1.0,0.0,0.0,0.0,1.0,0.0,0.0,0.866,0.5,0.0,0.0,0.866,0.5,0.0,0.0,0.7071,-0.7071,0.0,0.0,0.7071,-0.7071,0.0,0.0,0.866,0.5,0.0,0.0,0.866,0.5,0.000290634005989,-3.70061779475e-05,0.0001639467506,0.999999943642,0.0,0.0,1.0,0.0,0.0,0.0,1.0,0.0,0.0,0.0,-0.4278,0.9039,0.0,0.0,0.4278,0.9039,0.0,0.0,-0.3827,0.9239
73,v,0.0,0.0,0.0,,0.0,-539.04,327.91,,-250.8249974,411.1892622,421.75498,,257.1750026,411.1892622,421.75498,,402.63064,691.7477464,302.72834,,-396.28064,691.7477464,302.72834,,-250.8249974,411.1892622,1022.3,,257.1750026,411.1892622,1022.3,,-0.387755313693,189.512155936,10560.95,,-250.825,218.4792524,11.61130798,,257.175,218.4792524,11.61130798,,432.9902996,523.9263797,102.8997081,,-426.6402996,523.9263797,102.8997081,,3.175,428.0292524,262.3520879,
73,q,0.0,0.0,0.0,1.0,0.0,0.0,0.0,1.0,0.0,0.0,0.866,0.5,0.0,0.0,0.866,0.5,0.0,0.0,0.7071,-0.7071,0.0,0.0,0.7071,-0.7071,0.0,0.0,0.866,0.5,0.0,0.0,0.866,0.5,0.000302459134208,-3.67351474656e-05,0.000196782896453,0.999999934223,0.0,0.0,1.0,0.0,0.0,0.0,1.0,0.0,0.0,0.0,-0.4278,0.9039,0.0,0.0,0.4278,0.9039,0.0,0.0,-0.3827,0.9239
74,v,0.0,0.0,0.0,,0.0,-539.04,327.91,,-250.8249974,411.1892622,421.75498,,257.1750026,411.1892622,421.75498,,402.63064,691.7477464,302.72834,,-396.28064,691.7477464,302.72834,,-250.8249974,411.1892622,1022.3,,257.1750026,411.1892622,1022.3,,-0.383544330307,189.407830998,10560.95,,-250.825,218.4792524,11.61130798,,257.175,218.4792524,11.61130798,,432.9902996,523.9263797,102.8997081,,-426.6402996,523.9263797,102.8997081,,3.175,428.0292524,262.3520879,
74,q,0.0,0.0,0.0,1.0,0.0,0.0,0.0,1.0,0.0,0.0,0.866,0.5,0.0,0.0,0.866,0.5,0.0,0.0,0.7071,-0.7071,0.0,0.0,0.7071,-0.7071,0.0,0.0,0.866,0.5,0.0,0.0,0.866,0.5,0.000312325681668,-3.63478111208e-05,0.00022564865629,0.999999925107,0.0,0.0,1.0,0.0,0.0,0.0,1.0,0.0,0.0,0.0,-0.4278,0.9039,0.0,0.0,0.4278,0.9039,0.0,0.0,-0.3827,0.9239
75,v,0.0,0.0,0.0,,0.0,-539.04,327.91,,-250.8249974,411.1892622,421.75498,,257.1750026,411.1892622,421.75498,,402.63064,691.7477464,302.72834,,-396.28064,691.7477464,302.72834,,-250.8249974,411.1892622,1022.3,,257.1750026,411.1892622,1022.3,,-0.378692338256,189.321385319,10560.95,,-250.825,218.4792524,11.61130798,,257.175,218.4792524,11.61130798,,432.9902996,523.9263797,102.8997081,,-426.6402996,523.9263797,102.8997081,,3.175,428.0292524,262.3520879,
75,q,0.0,0.0,0.0,1.0,0.0,0.0,0.0,1.0,0.0,0.0,0.866,0.5,0.0,0.0,0.866,0.5,0.0,0.0,0.7071,-0.7071,0.0,0.0,0.7071,-0.7071,0.0,0.0,0.866,0.5,0.0,0.0,0.866,0.5,0.000320501290338,-3.58988865741e-05,0.000251085504134,0.999999916473,0.0,0.0,1.0,0.0,0.0,0.0,1.0,0.0,0.0,0.0,-0.4278,0.9039,0.0,0.0,0.4278,0.9039,0.0,0.0,-0.3827,0.9239
76,v,0.0,0.0,0.0,,0.0,-539.04,327.91,,-250.8249974,411.1892622,421.75498,,257.1750026,411.1892622,421.75498,,402.63064,691.7477464,302.72834,,-396.28064,691.7477464,302.72834,,-250.8249974,411.1892622,1022.3,,257.1750026,411.1892622,1022.3,,-0.360106410919,189.261858361,10560.95,,-250.825,218.4792524,11.61130798,,257.175,218.4792524,11.61130798,,432.9902996,523.9263797,102.8997081,,-426.6402996,523.9263797,102.8997081,,3.175,428.0292524,262.3520879,
76,q,0.0,0.0,0.0,1.0,0.0,0.0,0.0,1.0,0.0,0.0,0.866,0.5,0.0,0.0,0.866,0.5,0.0,0.0,0.7071,-0.7071,0.0,0.0,0.7071,-0.7071,0.0,0.0,0.866,0.5,0.0,0.0,0.866,0.5,0.000326131213916,-3.41504129666e-05,0.000275779373174,0.999999908209,0.0,0.0,1.0,0.0,0.0,0.0,1.0,0.0,0.0,0.0,-0.4278,0.9039,0.0,0.0,0.4278,0.9039,0.0,0.0,-0.3827,0.9239
77,v,0.0,0.0,0.0,,0.0,-539.04,327.91,,-250.8249974,411.1892622,421.75498,,257.1750026,411.1892622,421.75498,,402.63064,691.7477464,302.72834,,-396.28064,691.7477464,302.72834,,-250.8249974,411.1892622,1022.3,,257.1750026,411.1892622,1022.3,,-0.340774462645,189.21580075,10560.95,,-250.825,218.4792524,11.61130798,,257.175,218.4792524,11.61130798,,432.9902996,523.9263797,102.8997081,,-426.6402996,523.9263797,102.8997081,,3.175,428.0292524,262.3520879,
77,q,0.0,0.0,0.0,1.0,0.0,0.0,0.0,1.0,0.0,0.0,0.866,0.5,0.0,0.0,0.866,0.5,0.0,0.0,0.7071,-0.7071,0.0,0.0,0.7071,-0.7071,0.0,0.0,0.866,0.5,0.0,0.0,0.866,0.5,0.000330487357563,-3.23302173234e-05,0.000297274326664,0.99999990068,0.0,0.0,1.0,0.0,0.0,0.0,1.0,0.0,0.0,0.0,-0.4278,0.9039,0.0,0.0,0.4278,0.9039,0.0,0.0,-0.3827,0.9239
78,v,0.0,0.0,0.0,,0.0,-539.04,327.91,,-250.8249974,411.1892622,421.75498,,257.1750026,411.1892622,421.75498,,402.63064,691.7477464,302.72834,,-396.28064,691.7477464,302.72834,,-250.8249974,411.1892622,1022.3,,257.1750026,411.1892622,1022.3,,-0.319579527311,189.18229251,10560.95,,-250.825,218.4792524,11.61130798,,257.175,218.4792524,11.61130798,,432.9902996,523.9263797,102.8997081,,-426.6402996,523.9263797,102.8997081,,3.175,428.0292524,262.3520879,
78,q,0.0,0.0,0.0,1.0,0.0,0.0,0.0,1.0,0.0,0.0,0.866,0.5,0.0,0.0,0.866,0.5,0.0,0.0,0.7071,-0.7071,0.0,0.0,0.7071,-0.7071,0.0,0.0,0.866,0.5,0.0,0.0,0.866,0.5,0.000333656737901,-3.03327681323e-05,0.000316216391165,0.99999989388,0.0,0.0,1.0,0.0,0.0,0.0,1.0,0.0,0.0,0.0,-0.4278,0.9039,0.0,0.0,0.4278,0.9039,0.0,0.0,-0.3827,0.9239
79,v,0.0,0.0,0.0,,0.0,-539.04,327.91,,-250.8249974,411.1892622,421.75498,,257.1750026,411.1892622,421.75498,,402.63064,691.7477464,302.72834,,-396.28064,691.7477464,302.72834,,-250.8249974,411.1892622,1022.3,,257.1750026,411.1892622,1022.3,,-0.299163583268,189.157693813,10560.95,,-250.825,218.4792524,11.61130798,,257.175,218.4792524,11.61130798,,432.9902996,523.9263797,102.8997081,,-426.6402996,523.9263797,102.8997081,,3.175,428.0292524,262.3520879,
79,q,0.0,0.0,0.0,1.0,0.0,0.0,0.0,1.0,0.0,0.0,0.866,0.5,0.0,0.0,0.866,0.5,0.0,0.0,0.7071,-0.7071,0.0,0.0,0.7071,-0.7071,0.0,0.0,0.866,0.5,0.0,0.0,0.866,0.5,0.000335983542551,-2.84079200393e-05,0.000332428467646,0.9999998879,0.0,0.0,1.0,0.0,0.0,0.0,1.0,0.0,0.0,0.0,-0.4278,0.9039,0.0,0.0,0.4278,0.9039,0.0,0.0,-0.3827,0.9239
80,v,0.0,0.0,0.0,,0.0,-539.04,327.91,,-250.8249974,411.1892622,421.75498,,257.1750026,411.1892622,421.75498,,402.63064,691.7477464,302.72834,,-396.28064,691.7477464,302.72834,,-250.8249974,411.1892622,1022.3,,257.1750026,411.1892622,1022.3,,-0.275649640207,189.143994544,10560.95,,-250.825,218.4792524,11.61130798,,257.175,218.4792524,11.61130798,,432.9902996,523.9263797,102.8997081,,-426.6402996,523.9263797,102.8997081,,3.175,428.0292524,262.3520879,
80,q,0.0,0.0,0.0,1.0,0.0,0.0,0.0,1.0,0.0,0.0,0.866,0.5,0.0,0.0,0.866,0.5,0.0,0.0,0.7071,-0.7071,0.0,0.0,0.7071,-0.7071,0.0,0.0,0.866,0.5,0.0,0.0,0.866,0.5,0.000337279639188,-2.6189202146e-05,0.000346969679334,0.999999882584,0.0,0.0,1.0,0.0,0.0,0.0,1.0,0.0,0.0,0.0,-0.4278,0.9039,0.0,0.0,0.4278,0.9039,0.0,0.0,-0.3827,0.9239
81,v,0.0,0.0,0.0,,0.0,-539.04,327.91,,-250.8249974,411.1892622,421.75498,,257.1750026,411.1892622,421.75498,,402.63064,691.7477464,302.72834,,-396.28064,691.7477464,302.72834,,-250.8249974,411.1892622,1022.3,,257.1750026,411.1892622,1022.3,,-0.253264700335,189.136564942,10560.95,,-250.825,218.4792524,11.61130798,,257.175,218.4792524,11.61130798,,432.9902996,523.9263797,102.8997081,,-426.6402996,523.9263797,102.8997081,,3.175,428.0292524,262.3520879,
81,q,0.0,0.0,0.0,1.0,0.0,0.0,0.0,1.0,0.0,0.0,0.866,0.5,0.0,0.0,0.866,0.5,0.0,0.0,0.7071,-0.7071,0.0,0.0,0.7071,-0.7071,0.0,0.0,0.866,0.5,0.0,0.0,0.866,0.5,0.000337982803877,-2.40763181968e-05,0.0003592193751,0.999999878075,0.0,0.0,1.0,0.0,0.0,0.0,1.0,0.0,0.0,0.0,-0.4278,0.9039,0.0,0.0,0.4278,0.9039,0.0,0.0,-0.3827,0.9239
82,v,0.0,0.0,0.0,,0.0,-539.04,327.91,,-250.8249974,411.1892622,421.75498,,257.1750026,411.1892622,421.75498,,402.63064,691.7477464,302.72834,,-396.28064,691.7477464,302.72834,,-250.8249974,411.1892622,1022.3,,257.1750026,411.1892622,1022.3,,-0.231170742909,189.135145018,10560.95,,-250.825,218.4792524,11.61130798,,257.175,218.4792524,11.61130798,,432.9902996,523.9263797,102.8997081,,-426.6402996,523.9263797,102.8997081,,3.175,428.0292524,262.3520879,
82,q,0.0,0.0,0.0,1.0,0.0,0.0,0.0,1.0,0.0,0.0,0.866,0.5,0.0,0.0,0.866,0.5,0.0,0.0,0.7071,-0.7071,0.0,0.0,0.7071,-0.7071,0.0,0.0,0.866,0.5,0.0,0.0,0.866,0.5,0.000338117629936,-2.19901174235e-05,0.0003695570772,0.99999987431,0.0,0.0,1.0,0.0,0.0,0.0,1.0,0.0,0.0,0.0,-0.4278,0.9039,0.0,0.0,0.4278,0.9039,0.0,0.0,-0.3827,0.9239
83,v,0.0,0.0,0.0,,0.0,-539.04,327.91,,-250.8249974,411.1892622,421.75498,,257.1750026,411.1892622,421.75498,,402.63064,691.7477464,302.72834,,-396.28064,691.7477464,302.72834,,-250.8249974,411.1892622,1022.3,,257.1750026,411.1892622,1022.3,,-0.20712280716,189.140834716,10560.95,,-250.825,218.4792524,11.61130798,,257.175,218.4792524,11.61130798,,432.9902996,523.9263797,102.8997081,,-426.6402996,523.9263797,102.8997081,,3.175,428.0292524,262.3520879,
83,q,0.0,0.0,0.0,1.0,0.0,0.0,0.0,1.0,0.0,0.0,0.866,0.5,0.0,0.0,0.866,0.5,0.0,0.0,0.7071,-0.7071,0.0,0.0,0.7071,-0.7071,0.0,0.0,0.866,0.5,0.0,0.0,0.866,0.5,0.000337580135416,-1.97184072098e-05,0.000378595355767,0.999999871158,0.0,0.0,1.0,0.0,0.0,0.0,1.0,0.0,0.0,0.0,-0.4278,0.9039,0.0,0.0,0.4278,0.9039,0.0,0.0,-0.3827,0.9239
84,v,0.0,0.0,0.0,,0.0,-539.04,327.91,,-250.8249974,411.1892622,421.75498,,257.1750026,411.1892622,421.75498,,402.63064,691.7477464,302.72834,,-396.28064,691.7477464,302.72834,,-250.8249974,411.1892622,1022.3,,257.1750026,411.1892622,1022.3,,-0.198150824104,189.147594356,10560.95,,-250.825,218.4792524,11.61130798,,257.175,218.4792524,11.61130798,,432.9902996,523.9263797,102.8997081,,-426.6402996,523.9263797,102.8997081,,3.175,428.0292524,262.3520879,
84,q,0.0,0.0,0.0,1.0,0.0,0.0,0.0,1.0,0.0,0.0,0.866,0.5,0.0,0.0,0.866,0.5,0.0,0.0,0.7071,-0.7071,0.0,0.0,0.7071,-0.7071,0.0,0.0,0.866,0.5,0.0,0.0,0.866,0.5,0.000336940950001,-1.88722288674e-05,0.000386531153285,0.999999868354,0.0,0.0,1.0,0.0,0.0,0.0,1.0,0.0,0.0,0.0,-0.4278,0.9039,0.0,0.0,0.4278,0.9039,0.0,0.0,-0.3827,0.9239
85,v,0.0,0.0,0.0,,0.0,-539.04,327.91,,-250.8249974,411.1892622,421.75498,,257.1750026,411.1892622,421.75498,,402.63064,691.7477464,302.72834,,-396.28064,691.7477464,302.72834,,-250.8249974,411.1892622,1022.3,,257.1750026,411.1892622,1022.3,,-0.199660809328,189.156493884,10560.95,,-250.825,218.4792524,11.61130798,,257.175,218.4792524,11.61130798,,432.9902996,523.9263797,102.8997081,,-426.6402996,523.9263797,102.8997081,,3.175,428.0292524,262.3520879,
85,q,0.0,0.0,0.0,1.0,0.0,0.0,0.0,1.0,0.0,0.0,0.866,0.5,0.0,0.0,0.866,0.5,0.0,0.0,0.7071,-0.7071,0.0,0.0,0.7071,-0.7071,0.0,0.0,0.866,0.5,0.0,0.0,0.866,0.5,0.000336099007009,-1.90170374461e-05,0.000393409120253,0.999999865953,0.0,0.0,1.0,0.0,0.0,0.0,1.0,0.0,0.0,0.0,-0.4278,0.9039,0.0,0.0,0.4278,0.9039,0.0,0.0,-0.3827,0.9239
86,v,0.0,0.0,0.0,,0.0,-539.04,327.91,,-250.8249974,411.1892622,421.75498,,257.1750026,411.1892622,421.75498,,402.63064,691.7477464,302.72834,,-396.28064,691.7477464,302.72834,,-250.8249974,411.1892622,1022.3,,257.1750026,411.1892622,1022.3,,-0.203032801567,189.168813232,10560.95,,-250.825,218.4792524,11.61130798,,257.175,218.4792524,11.61130798,,432.9902996,523.9263797,102.8997081,,-426.6402996,523.9263797,102.8997081,,3.175,428.0292524,262.3520879,
86,q,0.0,0.0,0.0,1.0,0.0,0.0,0.0,1.0,0.0,0.0,0.866,0.5,0.0,0.0,0.866,0.5,0.0,0.0,0.7071,-0.7071,0.0,0.0,0.7071,-0.7071,0.0,0.0,0.866,0.5,0.0,0.0,0.866,0.5,0.000334933554493,-1.93373918256e-05,0.00039900603483,0.99999986412,0.0,0.0,1.0,0.0,0.0,0.0,1.0,0.0,0.0,0.0,-0.4278,0.9039,0.0,0.0,0.4278,0.9039,0.0,0.0,-0.3827,0.9239
87,v,0.0,0.0,0.0,,0.0,-539.04,327.91,,-250.8249974,411.1892622,421.75498,,257.1750026,411.1892622,421.75498,,402.63064,691.7477464,302.72834,,-396.28064,691.7477464,302.72834,,-250.8249974,411.1892622,1022.3,,257.1750026,411.1892622,1022.3,,-0.206252815757,189.182202524,10560.95,,-250.825,218.4792524,11.61130798,,257.175,218.4792524,11.61130798,,432.9902996,523.9263797,102.8997081,,-426.6402996,523.9263797,102.8997081,,3.175,428.0292524,262.3520879,
87,q,0.0,0.0,0.0,1.0,0.0,0.0,0.0,1.0,0.0,0.0,0.866,0.5,0.0,0.0,0.866,0.5,0.0,0.0,0.7071,-0.7071,0.0,0.0,0.7071,-0.7071,0.0,0.0,0.866,0.5,0.0,0.0,0.866,0.5,0.000333666944721,-1.96426235392e-05,0.000402529457212,0.999999863125,0.0,0.0,1.0,0.0,0.0,0.0,1.0,0.0,0.0,0.0,-0.4278,0.9039,0.0,0.0,0.4278,0.9039,0.0,0.0,-0.3827,0.9239
88,v,0.0,0.0,0.0,,0.0,-539.04,327.91,,-250.8249974,411.1892622,421.75498,,257.1750026,411.1892622,421.75498,,402.63064,691.7477464,302.72834,,-396.28064,691.7477464,302.72834,,-250.8249974,411.1892622,1022.3,,257.1750026,411.1892622,1022.3,,-0.210753789157,189.197811704,10560.95,,-250.825,218.4792524,11.61130798,,257.175,218.4792524,11.61130798,,432.9902996,523.9263797,102.8997081,,-426.6402996,523.9263797,102.8997081,,3.175,428.0292524,262.3520879,
88,q,0.0,0.0,0.0,1.0,0.0,0.0,0.0,1.0,0.0,0.0,0.866,0.5,0.0,0.0,0.866,0.5,0.0,0.0,0.7071,-0.7071,0.0,0.0,0.7071,-0.7071,0.0,0.0,0.866,0.5,0.0,0.0,0.866,0.5,0.000332190339594,-2.00685476293e-05,0.000404921344456,0.999999862643,0.0,0.0,1.0,0.0,0.0,0.0,1.0,0.0,0.0,0.0,-0.4278,0.9039,0.0,0.0,0.4278,0.9039,0.0,0.0,-0.3827,0.9239
89,v,0.0,0.0,0.0,,0.0,-539.04,327.91,,-250.8249974,411.1892622,421.75498,,257.1750026,411.1892622,421.75498,,402.63064,691.7477464,302.72834,,-396.28064,691.7477464,302.72834,,-250.8249974,411.1892622,1022.3,,257.1750026,411.1892622,1022.3,,-0.216018787059,189.214840812,10560.95,,-250.825,218.4792524,11.61130798,,257.175,218.4792524,11.61130798,,432.9902996,523.9263797,102.8997081,,-426.6402996,523.9263797,102.8997081,,3.175,428.0292524,262.3520879,
89,q,0.0,0.0,0.0,1.0,0.0,0.0,0.0,1.0,0.0,0.0,0.866,0.5,0.0,0.0,0.866,0.5,0.0,0.0,0.7071,-0.7071,0.0,0.0,0.7071,-0.7071,0.0,0.0,0.866,0.5,0.0,0.0,0.866,0.5,0.000330579425178,-2.05662635461e-05,0.000406076711989,0.999999862698,0.0,0.0,1.0,0.0,0.0,0.0,1.0,0.0,0.0,0.0,-0.4278,0.9039,0.0,0.0,0.4278,0.9039,0.0,0.0,-0.3827,0.9239
90,v,0.0,0.0,0.0,,0.0,-539.04,327.91,,-250.8249974,411.1892622,421.75498,,257.1750026,411.1892622,421.75498,,402.63064,691.7477464,302.72834,,-396.28064,691.7477464,302.72834,,-250.8249974,411.1892622,1022.3,,257.1750026,411.1892622,1022.3,,-0.223556759261,189.234669781,10560.95,,-250.825,218.4792524,11.61130798,,257.175,218.4792524,11.61130798,,432.9902996,523.9263797,102.8997081,,-426.6402996,523.9263797,102.8997081,,3.175,428.0292524,262.3520879,
90,q,0.0,0.0,0.0,1.0,0.0,0.0,0.0,1.0,0.0,0.0,0.866,0.5,0.0,0.0,0.866,0.5,0.0,0.0,0.7071,-0.7071,0.0,0.0,0.7071,-0.7071,0.0,0.0,0.866,0.5,0.0,0.0,0.866,0.5,0.000328703606274,-2.12787443112e-05,0.00040688651608,0.999999862972,0.0,0.0,1.0,0.0,0.0,0.0,1.0,0.0,0.0,0.0,-0.4278,0.9039,0.0,0.0,0.4278,0.9039,0.0,0.0,-0.3827,0.9239
91,v,0.0,0.0,0.0,,0.0,-539.04,327.91,,-250.8249974,411.1892622,421.75498,,257.1750026,411.1892622,421.75498,,402.63064,691.7477464,302.72834,,-396.28064,691.7477464,302.72834,,-250.8249974,411.1892622,1022.3,,257.1750026,411.1892622,1022.3,,-0.230575746353,189.254138774,10560.95,,-250.825,218.4792524,11.61130798,,257.175,218.4792524,11.61130798,,432.9902996,523.9263797,102.8997081,,-426.6402996,523.9263797,102.8997081,,3.175,428.0292524,262.3520879,
91,q,0.0,0.0,0.0,1.0,0.0,0.0,0.0,1.0,0.0,0.0,0.866,0.5,0.0,0.0,0.866,0.5,0.0,0.0,0.7071,-0.7071,0.0,0.0,0.7071,-0.7071,0.0,0.0,0.866,0.5,0.0,0.0,0.866,0.5,0.000326861891216,-2.19415971932e-05,0.000406015338371,0.999999863916,0.0,0.0,1.0,0.0,0.0,0.0,1.0,0.0,0.0,0.0,-0.4278,0.9039,0.0,0.0,0.4278,0.9039,0.0,0.0,-0.3827,0.9239
92,v,0.0,0.0,0.0,,0.0,-539.04,327.91,,-250.8249974,411.1892622,421.75498,,257.1750026,411.1892622,421.75498,,402.63064,691.7477464,302.72834,,-396.28064,691.7477464,302.72834,,-250.8249974,411.1892622,1022.3,,257.1750026,411.1892622,1022.3,,-0.239684746508,189.274827709,10560.95,,-250.825,218.4792524,11.61130798,,257.175,218.4792524,11.61130798,,432.9902996,523.9263797,102.8997081,,-426.6402996,523.9263797,102.8997081,,3.175,428.0292524,262.3520879,
92,q,0.0,0.0,0.0,1.0,0.0,0.0,0.0,1.0,0.0,0.0,0.866,0.5,0.0,0.0,0.866,0.5,0.0,0.0,0.7071,-0.7071,0.0,0.0,0.7071,-0.7071,0.0,0.0,0.866,0.5,0.0,0.0,0.866,0.5,0.000324904714491,-2.28020173721e-05,0.000404928101511,0.999999864975,0.0,0.0,1.0,0.0,0.0,0.0,1.0,0.0,0.0,0.0,-0.4278,0.9039,0.0,0.0,0.4278,0.9039,0.0,0.0,-0.3827,0.9239
93,v,0.0,0.0,0.0,,0.0,-539.04,327.91,,-250.8249974,411.1892622,421.75498,,257.1750026,411.1892622,421.75498,,402.63064,691.7477464,302.72834,,-396.28064,691.7477464,302.72834,,-250.8249974,411.1892622,1022.3,,257.1750026,411.1892622,1022.3,,-0.251113700629,189.294176718,10560.95,,-250.825,218.4792524,11.61130798,,257.175,218.4792524,11.61130798,,432.9902996,523.9263797,102.8997081,,-426.6402996,523.9263797,102.8997081,,3.175,428.0292524,262.3520879,
93,q,0.0,0.0,0.0,1.0,0.0,0.0,0.0,1.0,0.0,0.0,0.866,0.5,0.0,0.0,0.866,0.5,0.0,0.0,0.7071,-0.7071,0.0,0.0,0.7071,-0.7071,0.0,0.0,0.866,0.5,0.0,0.0,0.866,0.5,0.000323074166456,-2.38822076267e-05,0.000404705294005,0.999999865633,0.0,0.0,1.0,0.0,0.0,0.0,1.0,0.0,0.0,0.0,-0.4278,0.9039,0.0,0.0,0.4278,0.9039,0.0,0.0,-0.3827,0.9239
94,v,0.0,0.0,0.0,,0.0,-539.04,327.91,,-250.8249974,411.1892622,421.75498,,257.1750026,411.1892622,421.75498,,402.63064,691.7477464,302.72834,,-396.28064,691.7477464,302.72834,,-250.8249974,411.1892622,1022.3,,257.1750026,411.1892622,1022.3,,-0.262053682089,189.314025708,10560.95,,-250.825,218.4792524,11.61130798,,257.175,218.4792524,11.61130798,,432.9902996,523.9263797,102.8997081,,-426.6402996,523.9263797,102.8997081,,3.175,428.0292524,262.3520879,
94,q,0.0,0.0,0.0,1.0,0.0,0.0,0.0,1.0,0.0,0.0,0.866,0.5,0.0,0.0,0.866,0.5,0.0,0.0,0.7071,-0.7071,0.0,0.0,0.7071,-0.7071,0.0,0.0,0.866,0.5,0.0,0.0,0.866,0.5,0.000321196331978,-2.49163245052e-05,0.00040509500641,0.999999866055,0.0,0.0,1.0,0.0,0.0,0.0,1.0,0.0,0.0,0.0,-0.4278,0.9039,0.0,0.0,0.4278,0.9039,0.0,0.0,-0.3827,0.9239
95,v,0.0,0.0,0.0,,0.0,-539.04,327.91,,-250.8249974,411.1892622,421.75498,,257.1750026,411.1892622,421.75498,,402.63064,691.7477464,302.72834,,-396.28064,691.7477464,302.72834,,-250.8249974,411.1892622,1022.3,,257.1750026,411.1892622,1022.3,,-0.272826656928,189.334184689,10560.95,,-250.825,218.4792524,11.61130798,,257.175,218.4792524,11.61130798,,432.9902996,523.9263797,102.8997081,,-426.6402996,523.9263797,102.8997081,,3.175,428.0292524,262.3520879,
95,q,0.0,0.0,0.0,1.0,0.0,0.0,0.0,1.0,0.0,0.0,0.866,0.5,0.0,0.0,0.866,0.5,0.0,0.0,0.7071,-0.7071,0.0,0.0,0.7071,-0.7071,0.0,0.0,0.866,0.5,0.0,0.0,0.866,0.5,0.000319289168602,-2.59348074949e-05,0.00040603322843,0.999999866259,0.0,0.0,1.0,0.0,0.0,0.0,1.0,0.0,0.0,0.0,-0.4278,0.9039,0.0,0.0,0.4278,0.9039,0.0,0.0,-0.3827,0.9239
96,v,0.0,0.0,0.0,,0.0,-539.04,327.91,,-250.8249974,411.1892622,421.75498,,257.1750026,411.1892622,421.75498,,402.63064,691.7477464,302.72834,,-396.28064,691.7477464,302.72834,,-250.8249974,411.1892622,1022.3,,257.1750026,411.1892622,1022.3,,-0.283660626702,189.354493668,10560.95,,-250.825,218.4792524,11.61130798,,257.175,218.4792524,11.61130798,,432.9902996,523.9263797,102.8997081,,-426.6402996,523.9263797,102.8997081,,3.175,428.0292524,262.3520879,
96,q,0.0,0.0,0.0,1.0,0.0,0.0,0.0,1.0,0.0,0.0,0.866,0.5,0.0,0.0,0.866,0.5,0.0,0.0,0.7071,-0.7071,0.0,0.0,0.7071,-0.7071,0.0,0.0,0.866,0.5,0.0,0.0,0.866,0.5,0.000317367799982,-2.69592088725e-05,0.000407469952819,0.99999986626,0.0,0.0,1.0,0.0,0.0,0.0,1.0,0.0,0.0,0.0,-0.4278,0.9039,0.0,0.0,0.4278,0.9039,0.0,0.0,-0.3827,0.9239
97,v,0.0,0.0,0.0,,0.0,-539.04,327.91,,-250.8249974,411.1892622,421.75498,,257.1750026,411.1892622,421.75498,,402.63064,691.7477464,302.72834,,-396.28064,691.7477464,302.72834,,-250.8249974,411.1892622,1022.3,,257.1750026,411.1892622,1022.3,,-0.294768594427,189.374842653,10560.95,,-250.825,218.4792524,11.61130798,,257.175,218.4792524,11.61130798,,432.9902996,523.9263797,102.8997081,,-426.6402996,523.9263797,102.8997081,,3.175,428.0292524,262.3520879,
97,q,0.0,0.0,0.0,1.0,0.0,0.0,0.0,1.0,0.0,0.0,0.866,0.5,0.0,0.0,0.866,0.5,0.0,0.0,0.7071,-0.7071,0.0,0.0,0.7071,-0.7071,0.0,0.0,0.866,0.5,0.0,0.0,0.866,0.5,0.000315442621644,-2.80096587333e-05,0.000409349173015,0.999999866072,0.0,0.0,1.0,0.0,0.0,0.0,1.0,0.0,0.0,0.0,-0.4278,0.9039,0.0,0.0,0.4278,0.9039,0.0,0.0,-0.3827,0.9239
98,v,0.0,0.0,0.0,,0.0,-539.04,327.91,,-250.8249974,411.1892622,421.75498,,257.1750026,411.1892622,421.75498,,402.63064,691.7477464,302.72834,,-396.28064,691.7477464,302.72834,,-250.8249974,411.1892622,1022.3,,257.1750026,411.1892622,1022.3,,-0.306350576013,189.395171643,10560.95,,-250.825,218.4792524,11.61130798,,257.175,218.4792524,11.61130798,,432.9902996,523.9263797,102.8997081,,-426.6402996,523.9263797,102.8997081,,3.175,428.0292524,262.3520879,
98,q,0.0,0.0,0.0,1.0,0.0,0.0,0.0,1.0,0.0,0.0,0.866,0.5,0.0,0.0,0.866,0.5,0.0,0.0,0.7071,-0.7071,0.0,0.0,0.7071,-0.7071,0.0,0.0,0.866,0.5,0.0,0.0,0.866,0.5,0.000313519300745,-2.9105055321e-05,0.00041161238309,0.999999865717,0.0,0.0,1.0,0.0,0.0,0.0,1.0,0.0,0.0,0.0,-0.4278,0.9039,0.0,0.0,0.4278,0.9039,0.0,0.0,-0.3827,0.9239
99,v,0.0,0.0,0.0,,0.0,-539.04,327.91,,-250.8249974,411.1892622,421.75498,,257.1750026,411.1892622,421.75498,,402.63064,691.7477464,302.72834,,-396.28064,691.7477464,302.72834,,-250.8249974,411.1892622,1022.3,,257.1750026,411.1892622,1022.3,,-0.318511524905,189.415370648,10560.95,,-250.825,218.4792524,11.61130798,,257.175,218.4792524,11.61130798,,432.9902996,523.9263797,102.8997081,,-426.6402996,523.9263797,102.8997081,,3.175,428.0292524,262.3520879,
99,q,0.0,0.0,0.0,1.0,0.0,0.0,0.0,1.0,0.0,0.0,0.866,0.5,0.0,0.0,0.866,0.5,0.0,0.0,0.7071,-0.7071,0.0,0.0,0.7071,-0.7071,0.0,0.0,0.866,0.5,0.0,0.0,0.866,0.5,0.000311608236838,-3.02553171094e-05,0.000414211579894,0.999999865207,0.0,0.0,1.0,0.0,0.0,0.0,1.0,0.0,0.0,0.0,-0.4278,0.9039,0.0,0.0,0.4278,0.9039,0.0,0.0,-0.3827,0.9239
100,v,0.0,0.0,0.0,,0.0,-539.04,327.91,,-250.8249974,411.1892622,421.75498,,257.1750026,411.1892622,421.75498,,402.63064,691.7477464,302.72834,,-396.28064,691.7477464,302.72834,,-250.8249974,411.1892622,1022.3,,257.1750026,411.1892622,1022.3,,-0.331298499547,189.435359667,10560.95,,-250.825,218.4792524,11.61130798,,257.175,218.4792524,11.61130798,,432.9902996,523.9263797,102.8997081,,-426.6402996,523.9263797,102.8997081,,3.175,428.0292524,262.3520879,
100,q,0.0,0.0,0.0,1.0,0.0,0.0,0.0,1.0,0.0,0.0,0.866,0.5,0.0,0.0,0.866,0.5,0.0,0.0,0.7071,-0.7071,0.0,0.0,0.7071,-0.7071,0.0,0.0,0.866,0.5,0.0,0.0,0.866,0.5,0.000309716994295,-3.14648769235e-05,0.000417101762088,0.999999864556,0.0,0.0,1.0,0.0,0.0,0.0,1.0,0.0,0.0,0.0,-0.4278,0.9039,0.0,0.0,0.4278,0.9039,0.0,0.0,-0.3827,0.9239
