version,7,,,,,,,,,,,,,,,,,,,,,,,,,,,,,,,,,,,,,,,,,,,,,,,,,,,,,,,,
type,Ideal,,,,,,,,,,,,,,,,,,,,,,,,,,,,,,,,,,,,,,,,,,,,,,,,,,,,,,,,
description,"Reformatted ideal (static) orientations and alignments of the components. This is where the components start out on orbit, and could be different from the values measured on ground.",,,,,,,,,,,,,,,,,,,,,,,,,,,,,,,,,,,,,,,,,,,,,,,,,,,,,,,,
step size,,,,,,,,,,,,,,,,,,,,,,,,,,,,,,,,,,,,,,,,,,,,,,,,,,,,,,,,,
step,type,Inertial-SC,,,,SC-FB,,,,FB-FPM0,,,,FB-FPM1,,,,FB-MD0,,,,FB-MD1,,,,FB-AS0,,,,FB-AS1,,,,FB-OB,,,,OB-OM0,,,,OB-OM1,,,,OB-ML0,,,,OB-ML1,,,,OB-ST,,,
0,v,0,0,0,,0,-539.04,327.91,,-250.8249974,411.1892622,421.75498,,257.1750026,411.1892622,421.75498,,402.63064,691.7477464,302.72834,,-396.28064,691.7477464,302.72834,,-250.8249974,411.1892622,1254.942,,257.1750026,411.1892622,1254.942,,-4.8909730,187.94383,10560.947,,-250.825,218.4792524,11.61130798,,257.175,218.4792524,11.61130798,,432.9902996,523.9263797,102.8997081,,-426.6402996,523.9263797,102.8997081,,3.175,428.0292524,262.3520879,
       0,q,0,0,0,1,0,0,0,1,0,0,0.866,0.5,0,0,0.866,0.5,0,0,0.7071,-0.7071,0,0,0.7071,-0.7071,0,0,0.866,0.5,0,0,0.866,0.5,   0.00045084873,  -0.00046256808,  -9.3208530e-05,      0.99999979,0,0,1,0,0,0,1,0,0,0,-0.4278,0.9039,0,0,0.4278,0.9039,0,0,-0.3827,0.9239
1,v,0,0,0,,0,-539.04,327.91,,-250.8249974,411.1892622,421.75498,,257.1750026,411.1892622,421.75498,,402.63064,691.7477464,302.72834,,-396.28064,691.7477464,302.72834,,-250.8249974,411.1892622,1254.942,,257.1750026,411.1892622,1254.942,,-4.9079095,187.93983,10560.947,,-250.825,218.4792524,11.61130798,,257.175,218.4792524,11.61130798,,432.9902996,523.9263797,102.8997081,,-426.6402996,523.9263797,102.8997081,,3.175,428.0292524,262.3520879,
       1,q,0,0,0,1,0,0,0,1,0,0,0.866,0.5,0,0,0.866,0.5,0,0,0.7071,-0.7071,0,0,0.7071,-0.7071,0,0,0.866,0.5,0,0,0.866,0.5,   0.00045122797,  -0.00046416907,  -9.5209428e-05,      0.99999979,0,0,1,0,0,0,1,0,0,0,-0.4278,0.9039,0,0,0.4278,0.9039,0,0,-0.3827,0.9239
2,v,0,0,0,,0,-539.04,327.91,,-250.8249974,411.1892622,421.75498,,257.1750026,411.1892622,421.75498,,402.63064,691.7477464,302.72834,,-396.28064,691.7477464,302.72834,,-250.8249974,411.1892622,1254.942,,257.1750026,411.1892622,1254.942,,-4.9238084,187.93815,10560.947,,-250.825,218.4792524,11.61130798,,257.175,218.4792524,11.61130798,,432.9902996,523.9263797,102.8997081,,-426.6402996,523.9263797,102.8997081,,3.175,428.0292524,262.3520879,
       2,q,0,0,0,1,0,0,0,1,0,0,0.866,0.5,0,0,0.866,0.5,0,0,0.7071,-0.7071,0,0,0.7071,-0.7071,0,0,0.866,0.5,0,0,0.866,0.5,   0.00045138758,  -0.00046567217,  -9.6710177e-05,      0.99999979,0,0,1,0,0,0,1,0,0,0,-0.4278,0.9039,0,0,0.4278,0.9039,0,0,-0.3827,0.9239
3,v,0,0,0,,0,-539.04,327.91,,-250.8249974,411.1892622,421.75498,,257.1750026,411.1892622,421.75498,,402.63064,691.7477464,302.72834,,-396.28064,691.7477464,302.72834,,-250.8249974,411.1892622,1254.942,,257.1750026,411.1892622,1254.942,,-4.9404245,187.93753,10560.947,,-250.825,218.4792524,11.61130798,,257.175,218.4792524,11.61130798,,432.9902996,523.9263797,102.8997081,,-426.6402996,523.9263797,102.8997081,,3.175,428.0292524,262.3520879,
       3,q,0,0,0,1,0,0,0,1,0,0,0.866,0.5,0,0,0.866,0.5,0,0,0.7071,-0.7071,0,0,0.7071,-0.7071,0,0,0.866,0.5,0,0,0.866,0.5,   0.00045144690,  -0.00046724379,  -9.6710914e-05,      0.99999979,0,0,1,0,0,0,1,0,0,0,-0.4278,0.9039,0,0,0.4278,0.9039,0,0,-0.3827,0.9239
4,v,0,0,0,,0,-539.04,327.91,,-250.8249974,411.1892622,421.75498,,257.1750026,411.1892622,421.75498,,402.63064,691.7477464,302.72834,,-396.28064,691.7477464,302.72834,,-250.8249974,411.1892622,1254.942,,257.1750026,411.1892622,1254.942,,-4.9564455,187.93829,10560.947,,-250.825,218.4792524,11.61130798,,257.175,218.4792524,11.61130798,,432.9902996,523.9263797,102.8997081,,-426.6402996,523.9263797,102.8997081,,3.175,428.0292524,262.3520879,
       4,q,0,0,0,1,0,0,0,1,0,0,0.866,0.5,0,0,0.866,0.5,0,0,0.7071,-0.7071,0,0,0.7071,-0.7071,0,0,0.866,0.5,0,0,0.866,0.5,   0.00045137441,  -0.00046875958,  -9.5711564e-05,      0.99999979,0,0,1,0,0,0,1,0,0,0,-0.4278,0.9039,0,0,0.4278,0.9039,0,0,-0.3827,0.9239
5,v,0,0,0,,0,-539.04,327.91,,-250.8249974,411.1892622,421.75498,,257.1750026,411.1892622,421.75498,,402.63064,691.7477464,302.72834,,-396.28064,691.7477464,302.72834,,-250.8249974,411.1892622,1254.942,,257.1750026,411.1892622,1254.942,,-4.9729242,187.93992,10560.947,,-250.825,218.4792524,11.61130798,,257.175,218.4792524,11.61130798,,432.9902996,523.9263797,102.8997081,,-426.6402996,523.9263797,102.8997081,,3.175,428.0292524,262.3520879,
       5,q,0,0,0,1,0,0,0,1,0,0,0.866,0.5,0,0,0.866,0.5,0,0,0.7071,-0.7071,0,0,0.7071,-0.7071,0,0,0.866,0.5,0,0,0.866,0.5,   0.00045121918,  -0.00047031913,  -9.3712202e-05,      0.99999979,0,0,1,0,0,0,1,0,0,0,-0.4278,0.9039,0,0,0.4278,0.9039,0,0,-0.3827,0.9239
6,v,0,0,0,,0,-539.04,327.91,,-250.8249974,411.1892622,421.75498,,257.1750026,411.1892622,421.75498,,402.63064,691.7477464,302.72834,,-396.28064,691.7477464,302.72834,,-250.8249974,411.1892622,1254.942,,257.1750026,411.1892622,1254.942,,-4.9892198,187.94262,10560.947,,-250.825,218.4792524,11.61130798,,257.175,218.4792524,11.61130798,,432.9902996,523.9263797,102.8997081,,-426.6402996,523.9263797,102.8997081,,3.175,428.0292524,262.3520879,
       6,q,0,0,0,1,0,0,0,1,0,0,0.866,0.5,0,0,0.866,0.5,0,0,0.7071,-0.7071,0,0,0.7071,-0.7071,0,0,0.866,0.5,0,0,0.866,0.5,   0.00045096268,  -0.00047186160,  -9.1212765e-05,      0.99999979,0,0,1,0,0,0,1,0,0,0,-0.4278,0.9039,0,0,0.4278,0.9039,0,0,-0.3827,0.9239
7,v,0,0,0,,0,-539.04,327.91,,-250.8249974,411.1892622,421.75498,,257.1750026,411.1892622,421.75498,,402.63064,691.7477464,302.72834,,-396.28064,691.7477464,302.72834,,-250.8249974,411.1892622,1254.942,,257.1750026,411.1892622,1254.942,,-5.0057748,187.94612,10560.947,,-250.825,218.4792524,11.61130798,,257.175,218.4792524,11.61130798,,432.9902996,523.9263797,102.8997081,,-426.6402996,523.9263797,102.8997081,,3.175,428.0292524,262.3520879,
       7,q,0,0,0,1,0,0,0,1,0,0,0.866,0.5,0,0,0.866,0.5,0,0,0.7071,-0.7071,0,0,0.7071,-0.7071,0,0,0.866,0.5,0,0,0.866,0.5,   0.00045063087,  -0.00047342883,  -8.8213322e-05,      0.99999979,0,0,1,0,0,0,1,0,0,0,-0.4278,0.9039,0,0,0.4278,0.9039,0,0,-0.3827,0.9239
8,v,0,0,0,,0,-539.04,327.91,,-250.8249974,411.1892622,421.75498,,257.1750026,411.1892622,421.75498,,402.63064,691.7477464,302.72834,,-396.28064,691.7477464,302.72834,,-250.8249974,411.1892622,1254.942,,257.1750026,411.1892622,1254.942,,-5.0280516,187.94871,10560.947,,-250.825,218.4792524,11.61130798,,257.175,218.4792524,11.61130798,,432.9902996,523.9263797,102.8997081,,-426.6402996,523.9263797,102.8997081,,3.175,428.0292524,262.3520879,
       8,q,0,0,0,1,0,0,0,1,0,0,0.866,0.5,0,0,0.866,0.5,0,0,0.7071,-0.7071,0,0,0.7071,-0.7071,0,0,0.866,0.5,0,0,0.866,0.5,   0.00045038593,  -0.00047553566,  -8.8714158e-05,      0.99999979,0,0,1,0,0,0,1,0,0,0,-0.4278,0.9039,0,0,0.4278,0.9039,0,0,-0.3827,0.9239
9,v,0,0,0,,0,-539.04,327.91,,-250.8249974,411.1892622,421.75498,,257.1750026,411.1892622,421.75498,,402.63064,691.7477464,302.72834,,-396.28064,691.7477464,302.72834,,-250.8249974,411.1892622,1254.942,,257.1750026,411.1892622,1254.942,,-5.0576981,187.95002,10560.947,,-250.825,218.4792524,11.61130798,,257.175,218.4792524,11.61130798,,432.9902996,523.9263797,102.8997081,,-426.6402996,523.9263797,102.8997081,,3.175,428.0292524,262.3520879,
       9,q,0,0,0,1,0,0,0,1,0,0,0.866,0.5,0,0,0.866,0.5,0,0,0.7071,-0.7071,0,0,0.7071,-0.7071,0,0,0.866,0.5,0,0,0.866,0.5,   0.00045026396,  -0.00047833797,  -9.2715362e-05,      0.99999978,0,0,1,0,0,0,1,0,0,0,-0.4278,0.9039,0,0,0.4278,0.9039,0,0,-0.3827,0.9239
10,v,0,0,0,,0,-539.04,327.91,,-250.8249974,411.1892622,421.75498,,257.1750026,411.1892622,421.75498,,402.63064,691.7477464,302.72834,,-396.28064,691.7477464,302.72834,,-250.8249974,411.1892622,1254.942,,257.1750026,411.1892622,1254.942,,-5.0897095,187.95129,10560.947,,-250.825,218.4792524,11.61130798,,257.175,218.4792524,11.61130798,,432.9902996,523.9263797,102.8997081,,-426.6402996,523.9263797,102.8997081,,3.175,428.0292524,262.3520879,
      10,q,0,0,0,1,0,0,0,1,0,0,0.866,0.5,0,0,0.866,0.5,0,0,0.7071,-0.7071,0,0,0.7071,-0.7071,0,0,0.866,0.5,0,0,0.866,0.5,   0.00045014613,  -0.00048136419,  -9.6216657e-05,      0.99999978,0,0,1,0,0,0,1,0,0,0,-0.4278,0.9039,0,0,0.4278,0.9039,0,0,-0.3827,0.9239
11,v,0,0,0,,0,-539.04,327.91,,-250.8249974,411.1892622,421.75498,,257.1750026,411.1892622,421.75498,,402.63064,691.7477464,302.72834,,-396.28064,691.7477464,302.72834,,-250.8249974,411.1892622,1254.942,,257.1750026,411.1892622,1254.942,,-5.1237808,187.95936,10560.947,,-250.825,218.4792524,11.61130798,,257.175,218.4792524,11.61130798,,432.9902996,523.9263797,102.8997081,,-426.6402996,523.9263797,102.8997081,,3.175,428.0292524,262.3520879,
      11,q,0,0,0,1,0,0,0,1,0,0,0.866,0.5,0,0,0.866,0.5,0,0,0.7071,-0.7071,0,0,0.7071,-0.7071,0,0,0.866,0.5,0,0,0.866,0.5,   0.00044938436,  -0.00048458552,  -9.9217745e-05,      0.99999978,0,0,1,0,0,0,1,0,0,0,-0.4278,0.9039,0,0,0.4278,0.9039,0,0,-0.3827,0.9239
12,v,0,0,0,,0,-539.04,327.91,,-250.8249974,411.1892622,421.75498,,257.1750026,411.1892622,421.75498,,402.63064,691.7477464,302.72834,,-396.28064,691.7477464,302.72834,,-250.8249974,411.1892622,1254.942,,257.1750026,411.1892622,1254.942,,-5.1595457,187.96061,10560.947,,-250.825,218.4792524,11.61130798,,257.175,218.4792524,11.61130798,,432.9902996,523.9263797,102.8997081,,-426.6402996,523.9263797,102.8997081,,3.175,428.0292524,262.3520879,
      12,q,0,0,0,1,0,0,0,1,0,0,0.866,0.5,0,0,0.866,0.5,0,0,0.7071,-0.7071,0,0,0.7071,-0.7071,0,0,0.866,0.5,0,0,0.866,0.5,   0.00044926756,  -0.00048796721,  -0.00010171920,      0.99999978,0,0,1,0,0,0,1,0,0,0,-0.4278,0.9039,0,0,0.4278,0.9039,0,0,-0.3827,0.9239
13,v,0,0,0,,0,-539.04,327.91,,-250.8249974,411.1892622,421.75498,,257.1750026,411.1892622,421.75498,,402.63064,691.7477464,302.72834,,-396.28064,691.7477464,302.72834,,-250.8249974,411.1892622,1254.942,,257.1750026,411.1892622,1254.942,,-5.1967906,187.96162,10560.947,,-250.825,218.4792524,11.61130798,,257.175,218.4792524,11.61130798,,432.9902996,523.9263797,102.8997081,,-426.6402996,523.9263797,102.8997081,,3.175,428.0292524,262.3520879,
      13,q,0,0,0,1,0,0,0,1,0,0,0.866,0.5,0,0,0.866,0.5,0,0,0.7071,-0.7071,0,0,0.7071,-0.7071,0,0,0.866,0.5,0,0,0.866,0.5,   0.00044917364,  -0.00049148912,  -0.00010372073,      0.99999978,0,0,1,0,0,0,1,0,0,0,-0.4278,0.9039,0,0,0.4278,0.9039,0,0,-0.3827,0.9239
14,v,0,0,0,,0,-539.04,327.91,,-250.8249974,411.1892622,421.75498,,257.1750026,411.1892622,421.75498,,402.63064,691.7477464,302.72834,,-396.28064,691.7477464,302.72834,,-250.8249974,411.1892622,1254.942,,257.1750026,411.1892622,1254.942,,-5.2251706,187.96261,10560.947,,-250.825,218.4792524,11.61130798,,257.175,218.4792524,11.61130798,,432.9902996,523.9263797,102.8997081,,-426.6402996,523.9263797,102.8997081,,3.175,428.0292524,262.3520879,
      14,q,0,0,0,1,0,0,0,1,0,0,0.866,0.5,0,0,0.866,0.5,0,0,0.7071,-0.7071,0,0,0.7071,-0.7071,0,0,0.866,0.5,0,0,0.866,0.5,   0.00044908109,  -0.00049417253,  -0.00010572190,      0.99999978,0,0,1,0,0,0,1,0,0,0,-0.4278,0.9039,0,0,0.4278,0.9039,0,0,-0.3827,0.9239
15,v,0,0,0,,0,-539.04,327.91,,-250.8249974,411.1892622,421.75498,,257.1750026,411.1892622,421.75498,,402.63064,691.7477464,302.72834,,-396.28064,691.7477464,302.72834,,-250.8249974,411.1892622,1254.942,,257.1750026,411.1892622,1254.942,,-5.2749728,187.96362,10560.947,,-250.825,218.4792524,11.61130798,,257.175,218.4792524,11.61130798,,432.9902996,523.9263797,102.8997081,,-426.6402996,523.9263797,102.8997081,,3.175,428.0292524,262.3520879,
      15,q,0,0,0,1,0,0,0,1,0,0,0.866,0.5,0,0,0.866,0.5,0,0,0.7071,-0.7071,0,0,0.7071,-0.7071,0,0,0.866,0.5,0,0,0.866,0.5,   0.00044898732,  -0.00049888216,  -0.00010772396,      0.99999977,0,0,1,0,0,0,1,0,0,0,-0.4278,0.9039,0,0,0.4278,0.9039,0,0,-0.3827,0.9239
16,v,0,0,0,,0,-539.04,327.91,,-250.8249974,411.1892622,421.75498,,257.1750026,411.1892622,421.75498,,402.63064,691.7477464,302.72834,,-396.28064,691.7477464,302.72834,,-250.8249974,411.1892622,1254.942,,257.1750026,411.1892622,1254.942,,-5.2998739,187.96412,10560.947,,-250.825,218.4792524,11.61130798,,257.175,218.4792524,11.61130798,,432.9902996,523.9263797,102.8997081,,-426.6402996,523.9263797,102.8997081,,3.175,428.0292524,262.3520879,
      16,q,0,0,0,1,0,0,0,1,0,0,0.866,0.5,0,0,0.866,0.5,0,0,0.7071,-0.7071,0,0,0.7071,-0.7071,0,0,0.866,0.5,0,0,0.866,0.5,   0.00044894044,  -0.00050123698,  -0.00010872499,      0.99999977,0,0,1,0,0,0,1,0,0,0,-0.4278,0.9039,0,0,0.4278,0.9039,0,0,-0.3827,0.9239
17,v,0,0,0,,0,-539.04,327.91,,-250.8249974,411.1892622,421.75498,,257.1750026,411.1892622,421.75498,,402.63064,691.7477464,302.72834,,-396.28064,691.7477464,302.72834,,-250.8249974,411.1892622,1254.942,,257.1750026,411.1892622,1254.942,,-5.3512325,187.93803,10560.947,,-250.825,218.4792524,11.61130798,,257.175,218.4792524,11.61130798,,432.9902996,523.9263797,102.8997081,,-426.6402996,523.9263797,102.8997081,,3.175,428.0292524,262.3520879,
      17,q,0,0,0,1,0,0,0,1,0,0,0.866,0.5,0,0,0.866,0.5,0,0,0.7071,-0.7071,0,0,0.7071,-0.7071,0,0,0.866,0.5,0,0,0.866,0.5,   0.00045140833,  -0.00050609511,  -0.00010722843,      0.99999977,0,0,1,0,0,0,1,0,0,0,-0.4278,0.9039,0,0,0.4278,0.9039,0,0,-0.3827,0.9239
18,v,0,0,0,,0,-539.04,327.91,,-250.8249974,411.1892622,421.75498,,257.1750026,411.1892622,421.75498,,402.63064,691.7477464,302.72834,,-396.28064,691.7477464,302.72834,,-250.8249974,411.1892622,1254.942,,257.1750026,411.1892622,1254.942,,-5.3772016,187.93727,10560.947,,-250.825,218.4792524,11.61130798,,257.175,218.4792524,11.61130798,,432.9902996,523.9263797,102.8997081,,-426.6402996,523.9263797,102.8997081,,3.175,428.0292524,262.3520879,
      18,q,0,0,0,1,0,0,0,1,0,0,0.866,0.5,0,0,0.866,0.5,0,0,0.7071,-0.7071,0,0,0.7071,-0.7071,0,0,0.866,0.5,0,0,0.866,0.5,   0.00045148000,  -0.00050855206,  -0.00010572957,      0.99999977,0,0,1,0,0,0,1,0,0,0,-0.4278,0.9039,0,0,0.4278,0.9039,0,0,-0.3827,0.9239
19,v,0,0,0,,0,-539.04,327.91,,-250.8249974,411.1892622,421.75498,,257.1750026,411.1892622,421.75498,,402.63064,691.7477464,302.72834,,-396.28064,691.7477464,302.72834,,-250.8249974,411.1892622,1254.942,,257.1750026,411.1892622,1254.942,,-5.4032318,187.93652,10560.947,,-250.825,218.4792524,11.61130798,,257.175,218.4792524,11.61130798,,432.9902996,523.9263797,102.8997081,,-426.6402996,523.9263797,102.8997081,,3.175,428.0292524,262.3520879,
      19,q,0,0,0,1,0,0,0,1,0,0,0.866,0.5,0,0,0.866,0.5,0,0,0.7071,-0.7071,0,0,0.7071,-0.7071,0,0,0.866,0.5,0,0,0.866,0.5,   0.00045155021,  -0.00051101478,  -0.00010423072,      0.99999977,0,0,1,0,0,0,1,0,0,0,-0.4278,0.9039,0,0,0.4278,0.9039,0,0,-0.3827,0.9239
20,v,0,0,0,,0,-539.04,327.91,,-250.8249974,411.1892622,421.75498,,257.1750026,411.1892622,421.75498,,402.63064,691.7477464,302.72834,,-396.28064,691.7477464,302.72834,,-250.8249974,411.1892622,1254.942,,257.1750026,411.1892622,1254.942,,-5.4292010,187.91042,10560.947,,-250.825,218.4792524,11.61130798,,257.175,218.4792524,11.61130798,,432.9902996,523.9263797,102.8997081,,-426.6402996,523.9263797,102.8997081,,3.175,428.0292524,262.3520879,
      20,q,0,0,0,1,0,0,0,1,0,0,0.866,0.5,0,0,0.866,0.5,0,0,0.7071,-0.7071,0,0,0.7071,-0.7071,0,0,0.866,0.5,0,0,0.866,0.5,   0.00045401781,  -0.00051347148,  -0.00010273309,      0.99999977,0,0,1,0,0,0,1,0,0,0,-0.4278,0.9039,0,0,0.4278,0.9039,0,0,-0.3827,0.9239
21,v,0,0,0,,0,-539.04,327.91,,-250.8249974,411.1892622,421.75498,,257.1750026,411.1892622,421.75498,,402.63064,691.7477464,302.72834,,-396.28064,691.7477464,302.72834,,-250.8249974,411.1892622,1254.942,,257.1750026,411.1892622,1254.942,,-5.4554447,187.90942,10560.947,,-250.825,218.4792524,11.61130798,,257.175,218.4792524,11.61130798,,432.9902996,523.9263797,102.8997081,,-426.6402996,523.9263797,102.8997081,,3.175,428.0292524,262.3520879,
      21,q,0,0,0,1,0,0,0,1,0,0,0.866,0.5,0,0,0.866,0.5,0,0,0.7071,-0.7071,0,0,0.7071,-0.7071,0,0,0.866,0.5,0,0,0.866,0.5,   0.00045411230,  -0.00051595463,  -0.00010073427,      0.99999976,0,0,1,0,0,0,1,0,0,0,-0.4278,0.9039,0,0,0.4278,0.9039,0,0,-0.3827,0.9239
22,v,0,0,0,,0,-539.04,327.91,,-250.8249974,411.1892622,421.75498,,257.1750026,411.1892622,421.75498,,402.63064,691.7477464,302.72834,,-396.28064,691.7477464,302.72834,,-250.8249974,411.1892622,1254.942,,257.1750026,411.1892622,1254.942,,-5.4814444,187.90867,10560.947,,-250.825,218.4792524,11.61130798,,257.175,218.4792524,11.61130798,,432.9902996,523.9263797,102.8997081,,-426.6402996,523.9263797,102.8997081,,3.175,428.0292524,262.3520879,
      22,q,0,0,0,1,0,0,0,1,0,0,0.866,0.5,0,0,0.866,0.5,0,0,0.7071,-0.7071,0,0,0.7071,-0.7071,0,0,0.866,0.5,0,0,0.866,0.5,   0.00045418249,  -0.00051841447,  -9.9235430e-05,      0.99999976,0,0,1,0,0,0,1,0,0,0,-0.4278,0.9039,0,0,0.4278,0.9039,0,0,-0.3827,0.9239
23,v,0,0,0,,0,-539.04,327.91,,-250.8249974,411.1892622,421.75498,,257.1750026,411.1892622,421.75498,,402.63064,691.7477464,302.72834,,-396.28064,691.7477464,302.72834,,-250.8249974,411.1892622,1254.942,,257.1750026,411.1892622,1254.942,,-5.5074135,187.88258,10560.947,,-250.825,218.4792524,11.61130798,,257.175,218.4792524,11.61130798,,432.9902996,523.9263797,102.8997081,,-426.6402996,523.9263797,102.8997081,,3.175,428.0292524,262.3520879,
      23,q,0,0,0,1,0,0,0,1,0,0,0.866,0.5,0,0,0.866,0.5,0,0,0.7071,-0.7071,0,0,0.7071,-0.7071,0,0,0.866,0.5,0,0,0.866,0.5,   0.00045665007,  -0.00052087118,  -9.7737827e-05,      0.99999976,0,0,1,0,0,0,1,0,0,0,-0.4278,0.9039,0,0,0.4278,0.9039,0,0,-0.3827,0.9239
24,v,0,0,0,,0,-539.04,327.91,,-250.8249974,411.1892622,421.75498,,257.1750026,411.1892622,421.75498,,402.63064,691.7477464,302.72834,,-396.28064,691.7477464,302.72834,,-250.8249974,411.1892622,1254.942,,257.1750026,411.1892622,1254.942,,-5.5082985,187.88157,10560.947,,-250.825,218.4792524,11.61130798,,257.175,218.4792524,11.61130798,,432.9902996,523.9263797,102.8997081,,-426.6402996,523.9263797,102.8997081,,3.175,428.0292524,262.3520879,
      24,q,0,0,0,1,0,0,0,1,0,0,0.866,0.5,0,0,0.866,0.5,0,0,0.7071,-0.7071,0,0,0.7071,-0.7071,0,0,0.866,0.5,0,0,0.866,0.5,   0.00045674430,  -0.00052095579,  -9.5737914e-05,      0.99999976,0,0,1,0,0,0,1,0,0,0,-0.4278,0.9039,0,0,0.4278,0.9039,0,0,-0.3827,0.9239
25,v,0,0,0,,0,-539.04,327.91,,-250.8249974,411.1892622,421.75498,,257.1750026,411.1892622,421.75498,,402.63064,691.7477464,302.72834,,-396.28064,691.7477464,302.72834,,-250.8249974,411.1892622,1254.942,,257.1750026,411.1892622,1254.942,,-5.5360375,187.85346,10560.947,,-250.825,218.4792524,11.61130798,,257.175,218.4792524,11.61130798,,432.9902996,523.9263797,102.8997081,,-426.6402996,523.9263797,102.8997081,,3.175,428.0292524,262.3520879,
      25,q,0,0,0,1,0,0,0,1,0,0,0.866,0.5,0,0,0.866,0.5,0,0,0.7071,-0.7071,0,0,0.7071,-0.7071,0,0,0.866,0.5,0,0,0.866,0.5,   0.00045940031,  -0.00052358175,  -9.0240508e-05,      0.99999976,0,0,1,0,0,0,1,0,0,0,-0.4278,0.9039,0,0,0.4278,0.9039,0,0,-0.3827,0.9239
26,v,0,0,0,,0,-539.04,327.91,,-250.8249974,411.1892622,421.75498,,257.1750026,411.1892622,421.75498,,402.63064,691.7477464,302.72834,,-396.28064,691.7477464,302.72834,,-250.8249974,411.1892622,1254.942,,257.1750026,411.1892622,1254.942,,-5.5642343,187.85019,10560.947,,-250.825,218.4792524,11.61130798,,257.175,218.4792524,11.61130798,,432.9902996,523.9263797,102.8997081,,-426.6402996,523.9263797,102.8997081,,3.175,428.0292524,262.3520879,
      26,q,0,0,0,1,0,0,0,1,0,0,0.866,0.5,0,0,0.866,0.5,0,0,0.7071,-0.7071,0,0,0.7071,-0.7071,0,0,0.866,0.5,0,0,0.866,0.5,   0.00045970600,  -0.00052625168,  -8.3741898e-05,      0.99999976,0,0,1,0,0,0,1,0,0,0,-0.4278,0.9039,0,0,0.4278,0.9039,0,0,-0.3827,0.9239
27,v,0,0,0,,0,-539.04,327.91,,-250.8249974,411.1892622,421.75498,,257.1750026,411.1892622,421.75498,,402.63064,691.7477464,302.72834,,-396.28064,691.7477464,302.72834,,-250.8249974,411.1892622,1254.942,,257.1750026,411.1892622,1254.942,,-5.5670723,187.84694,10560.947,,-250.825,218.4792524,11.61130798,,257.175,218.4792524,11.61130798,,432.9902996,523.9263797,102.8997081,,-426.6402996,523.9263797,102.8997081,,3.175,428.0292524,262.3520879,
      27,q,0,0,0,1,0,0,0,1,0,0,0.866,0.5,0,0,0.866,0.5,0,0,0.7071,-0.7071,0,0,0.7071,-0.7071,0,0,0.866,0.5,0,0,0.866,0.5,   0.00046001003,  -0.00052652308,  -7.7242186e-05,      0.99999976,0,0,1,0,0,0,1,0,0,0,-0.4278,0.9039,0,0,0.4278,0.9039,0,0,-0.3827,0.9239
28,v,0,0,0,,0,-539.04,327.91,,-250.8249974,411.1892622,421.75498,,257.1750026,411.1892622,421.75498,,402.63064,691.7477464,302.72834,,-396.28064,691.7477464,302.72834,,-250.8249974,411.1892622,1254.942,,257.1750026,411.1892622,1254.942,,-5.5950250,187.84392,10560.947,,-250.825,218.4792524,11.61130798,,257.175,218.4792524,11.61130798,,432.9902996,523.9263797,102.8997081,,-426.6402996,523.9263797,102.8997081,,3.175,428.0292524,262.3520879,
      28,q,0,0,0,1,0,0,0,1,0,0,0.866,0.5,0,0,0.866,0.5,0,0,0.7071,-0.7071,0,0,0.7071,-0.7071,0,0,0.866,0.5,0,0,0.866,0.5,   0.00046029284,  -0.00052916970,  -7.1243553e-05,      0.99999975,0,0,1,0,0,0,1,0,0,0,-0.4278,0.9039,0,0,0.4278,0.9039,0,0,-0.3827,0.9239
29,v,0,0,0,,0,-539.04,327.91,,-250.8249974,411.1892622,421.75498,,257.1750026,411.1892622,421.75498,,402.63064,691.7477464,302.72834,,-396.28064,691.7477464,302.72834,,-250.8249974,411.1892622,1254.942,,257.1750026,411.1892622,1254.942,,-5.5978629,187.84067,10560.947,,-250.825,218.4792524,11.61130798,,257.175,218.4792524,11.61130798,,432.9902996,523.9263797,102.8997081,,-426.6402996,523.9263797,102.8997081,,3.175,428.0292524,262.3520879,
      29,q,0,0,0,1,0,0,0,1,0,0,0.866,0.5,0,0,0.866,0.5,0,0,0.7071,-0.7071,0,0,0.7071,-0.7071,0,0,0.866,0.5,0,0,0.866,0.5,   0.00046059685,  -0.00052944110,  -6.4743842e-05,      0.99999975,0,0,1,0,0,0,1,0,0,0,-0.4278,0.9039,0,0,0.4278,0.9039,0,0,-0.3827,0.9239
30,v,0,0,0,,0,-539.04,327.91,,-250.8249974,411.1892622,421.75498,,257.1750026,411.1892622,421.75498,,402.63064,691.7477464,302.72834,,-396.28064,691.7477464,302.72834,,-250.8249974,411.1892622,1254.942,,257.1750026,411.1892622,1254.942,,-3.1072405,189.92236,10560.949,,-250.825,218.4792524,11.61130798,,257.175,218.4792524,11.61130798,,432.9902996,523.9263797,102.8997081,,-426.6402996,523.9263797,102.8997081,,3.175,428.0292524,262.3520879,
      30,q,0,0,0,1,0,0,0,1,0,0,0.866,0.5,0,0,0.866,0.5,0,0,0.7071,-0.7071,0,0,0.7071,-0.7071,0,0,0.866,0.5,0,0,0.866,0.5,   0.00026353975,  -0.00029401106,   0.00043392246,      0.99999980,0,0,1,0,0,0,1,0,0,0,-0.4278,0.9039,0,0,0.4278,0.9039,0,0,-0.3827,0.9239
31,v,0,0,0,,0,-539.04,327.91,,-250.8249974,411.1892622,421.75498,,257.1750026,411.1892622,421.75498,,402.63064,691.7477464,302.72834,,-396.28064,691.7477464,302.72834,,-250.8249974,411.1892622,1254.942,,257.1750026,411.1892622,1254.942,,-2.9624844,190.15984,10560.949,,-250.825,218.4792524,11.61130798,,257.175,218.4792524,11.61130798,,432.9902996,523.9263797,102.8997081,,-426.6402996,523.9263797,102.8997081,,3.175,428.0292524,262.3520879,
      31,q,0,0,0,1,0,0,0,1,0,0,0.866,0.5,0,0,0.866,0.5,0,0,0.7071,-0.7071,0,0,0.7071,-0.7071,0,0,0.866,0.5,0,0,0.866,0.5,   0.00024108811,  -0.00028030579,   0.00041793240,      0.99999987,0,0,1,0,0,0,1,0,0,0,-0.4278,0.9039,0,0,0.4278,0.9039,0,0,-0.3827,0.9239
32,v,0,0,0,,0,-539.04,327.91,,-250.8249974,411.1892622,421.75498,,257.1750026,411.1892622,421.75498,,402.63064,691.7477464,302.72834,,-396.28064,691.7477464,302.72834,,-250.8249974,411.1892622,1254.942,,257.1750026,411.1892622,1254.942,,-2.8386474,190.34523,10560.949,,-250.825,218.4792524,11.61130798,,257.175,218.4792524,11.61130798,,432.9902996,523.9263797,102.8997081,,-426.6402996,523.9263797,102.8997081,,3.175,428.0292524,262.3520879,
      32,q,0,0,0,1,0,0,0,1,0,0,0.866,0.5,0,0,0.866,0.5,0,0,0.7071,-0.7071,0,0,0.7071,-0.7071,0,0,0.866,0.5,0,0,0.866,0.5,   0.00022356216,  -0.00026858227,   0.00040393991,      0.99999988,0,0,1,0,0,0,1,0,0,0,-0.4278,0.9039,0,0,0.4278,0.9039,0,0,-0.3827,0.9239
33,v,0,0,0,,0,-539.04,327.91,,-250.8249974,411.1892622,421.75498,,257.1750026,411.1892622,421.75498,,402.63064,691.7477464,302.72834,,-396.28064,691.7477464,302.72834,,-250.8249974,411.1892622,1254.942,,257.1750026,411.1892622,1254.942,,-2.7268491,190.49247,10560.949,,-250.825,218.4792524,11.61130798,,257.175,218.4792524,11.61130798,,432.9902996,523.9263797,102.8997081,,-426.6402996,523.9263797,102.8997081,,3.175,428.0292524,262.3520879,
      33,q,0,0,0,1,0,0,0,1,0,0,0.866,0.5,0,0,0.866,0.5,0,0,0.7071,-0.7071,0,0,0.7071,-0.7071,0,0,0.866,0.5,0,0,0.866,0.5,   0.00020964346,  -0.00025799954,   0.00039094586,      0.99999989,0,0,1,0,0,0,1,0,0,0,-0.4278,0.9039,0,0,0.4278,0.9039,0,0,-0.3827,0.9239
34,v,0,0,0,,0,-539.04,327.91,,-250.8249974,411.1892622,421.75498,,257.1750026,411.1892622,421.75498,,402.63064,691.7477464,302.72834,,-396.28064,691.7477464,302.72834,,-250.8249974,411.1892622,1254.942,,257.1750026,411.1892622,1254.942,,-2.6237175,190.61529,10560.949,,-250.825,218.4792524,11.61130798,,257.175,218.4792524,11.61130798,,432.9902996,523.9263797,102.8997081,,-426.6402996,523.9263797,102.8997081,,3.175,428.0292524,262.3520879,
      34,q,0,0,0,1,0,0,0,1,0,0,0.866,0.5,0,0,0.866,0.5,0,0,0.7071,-0.7071,0,0,0.7071,-0.7071,0,0,0.866,0.5,0,0,0.866,0.5,   0.00019803309,  -0.00024823807,   0.00037945079,      0.99999989,0,0,1,0,0,0,1,0,0,0,-0.4278,0.9039,0,0,0.4278,0.9039,0,0,-0.3827,0.9239
35,v,0,0,0,,0,-539.04,327.91,,-250.8249974,411.1892622,421.75498,,257.1750026,411.1892622,421.75498,,402.63064,691.7477464,302.72834,,-396.28064,691.7477464,302.72834,,-250.8249974,411.1892622,1254.942,,257.1750026,411.1892622,1254.942,,-2.5284133,190.72116,10560.949,,-250.825,218.4792524,11.61130798,,257.175,218.4792524,11.61130798,,432.9902996,523.9263797,102.8997081,,-426.6402996,523.9263797,102.8997081,,3.175,428.0292524,262.3520879,
      35,q,0,0,0,1,0,0,0,1,0,0,0.866,0.5,0,0,0.866,0.5,0,0,0.7071,-0.7071,0,0,0.7071,-0.7071,0,0,0.866,0.5,0,0,0.866,0.5,   0.00018802538,  -0.00023921810,   0.00036945499,      0.99999989,0,0,1,0,0,0,1,0,0,0,-0.4278,0.9039,0,0,0.4278,0.9039,0,0,-0.3827,0.9239
36,v,0,0,0,,0,-539.04,327.91,,-250.8249974,411.1892622,421.75498,,257.1750026,411.1892622,421.75498,,402.63064,691.7477464,302.72834,,-396.28064,691.7477464,302.72834,,-250.8249974,411.1892622,1254.942,,257.1750026,411.1892622,1254.942,,-2.4395024,190.81489,10560.949,,-250.825,218.4792524,11.61130798,,257.175,218.4792524,11.61130798,,432.9902996,523.9263797,102.8997081,,-426.6402996,523.9263797,102.8997081,,3.175,428.0292524,262.3520879,
      36,q,0,0,0,1,0,0,0,1,0,0,0.866,0.5,0,0,0.866,0.5,0,0,0.7071,-0.7071,0,0,0.7071,-0.7071,0,0,0.866,0.5,0,0,0.866,0.5,   0.00017916446,  -0.00023080362,   0.00036045863,      0.99999990,0,0,1,0,0,0,1,0,0,0,-0.4278,0.9039,0,0,0.4278,0.9039,0,0,-0.3827,0.9239
37,v,0,0,0,,0,-539.04,327.91,,-250.8249974,411.1892622,421.75498,,257.1750026,411.1892622,421.75498,,402.63064,691.7477464,302.72834,,-396.28064,691.7477464,302.72834,,-250.8249974,411.1892622,1254.942,,257.1750026,411.1892622,1254.942,,-2.3561607,190.89929,10560.949,,-250.825,218.4792524,11.61130798,,257.175,218.4792524,11.61130798,,432.9902996,523.9263797,102.8997081,,-426.6402996,523.9263797,102.8997081,,3.175,428.0292524,262.3520879,
      37,q,0,0,0,1,0,0,0,1,0,0,0.866,0.5,0,0,0.866,0.5,0,0,0.7071,-0.7071,0,0,0.7071,-0.7071,0,0,0.866,0.5,0,0,0.866,0.5,   0.00017118629,  -0.00022291654,   0.00035246180,      0.99999990,0,0,1,0,0,0,1,0,0,0,-0.4278,0.9039,0,0,0.4278,0.9039,0,0,-0.3827,0.9239
38,v,0,0,0,,0,-539.04,327.91,,-250.8249974,411.1892622,421.75498,,257.1750026,411.1892622,421.75498,,402.63064,691.7477464,302.72834,,-396.28064,691.7477464,302.72834,,-250.8249974,411.1892622,1254.942,,257.1750026,411.1892622,1254.942,,-2.2775186,190.97611,10560.949,,-250.825,218.4792524,11.61130798,,257.175,218.4792524,11.61130798,,432.9902996,523.9263797,102.8997081,,-426.6402996,523.9263797,102.8997081,,3.175,428.0292524,262.3520879,
      38,q,0,0,0,1,0,0,0,1,0,0,0.866,0.5,0,0,0.866,0.5,0,0,0.7071,-0.7071,0,0,0.7071,-0.7071,0,0,0.866,0.5,0,0,0.866,0.5,   0.00016392494,  -0.00021547451,   0.00034546467,      0.99999990,0,0,1,0,0,0,1,0,0,0,-0.4278,0.9039,0,0,0.4278,0.9039,0,0,-0.3827,0.9239
39,v,0,0,0,,0,-539.04,327.91,,-250.8249974,411.1892622,421.75498,,257.1750026,411.1892622,421.75498,,402.63064,691.7477464,302.72834,,-396.28064,691.7477464,302.72834,,-250.8249974,411.1892622,1254.942,,257.1750026,411.1892622,1254.942,,-2.2026605,191.04676,10560.950,,-250.825,218.4792524,11.61130798,,257.175,218.4792524,11.61130798,,432.9902996,523.9263797,102.8997081,,-426.6402996,523.9263797,102.8997081,,3.175,428.0292524,262.3520879,
      39,q,0,0,0,1,0,0,0,1,0,0,0.866,0.5,0,0,0.866,0.5,0,0,0.7071,-0.7071,0,0,0.7071,-0.7071,0,0,0.866,0.5,0,0,0.866,0.5,   0.00015724635,  -0.00020839077,   0.00033896720,      0.99999991,0,0,1,0,0,0,1,0,0,0,-0.4278,0.9039,0,0,0.4278,0.9039,0,0,-0.3827,0.9239
40,v,0,0,0,,0,-539.04,327.91,,-250.8249974,411.1892622,421.75498,,257.1750026,411.1892622,421.75498,,402.63064,691.7477464,302.72834,,-396.28064,691.7477464,302.72834,,-250.8249974,411.1892622,1254.942,,257.1750026,411.1892622,1254.942,,-2.1317390,191.11170,10560.950,,-250.825,218.4792524,11.61130798,,257.175,218.4792524,11.61130798,,432.9902996,523.9263797,102.8997081,,-426.6402996,523.9263797,102.8997081,,3.175,428.0292524,262.3520879,
      40,q,0,0,0,1,0,0,0,1,0,0,0.866,0.5,0,0,0.866,0.5,0,0,0.7071,-0.7071,0,0,0.7071,-0.7071,0,0,0.866,0.5,0,0,0.866,0.5,   0.00015110704,  -0.00020167986,   0.00033396952,      0.99999991,0,0,1,0,0,0,1,0,0,0,-0.4278,0.9039,0,0,0.4278,0.9039,0,0,-0.3827,0.9239
41,v,0,0,0,,0,-539.04,327.91,,-250.8249974,411.1892622,421.75498,,257.1750026,411.1892622,421.75498,,402.63064,691.7477464,302.72834,,-396.28064,691.7477464,302.72834,,-250.8249974,411.1892622,1254.942,,257.1750026,411.1892622,1254.942,,-2.0623434,191.17211,10560.950,,-250.825,218.4792524,11.61130798,,257.175,218.4792524,11.61130798,,432.9902996,523.9263797,102.8997081,,-426.6402996,523.9263797,102.8997081,,3.175,428.0292524,262.3520879,
      41,q,0,0,0,1,0,0,0,1,0,0,0.866,0.5,0,0,0.866,0.5,0,0,0.7071,-0.7071,0,0,0.7071,-0.7071,0,0,0.866,0.5,0,0,0.866,0.5,   0.00014539618,  -0.00019511355,   0.00032947159,      0.99999991,0,0,1,0,0,0,1,0,0,0,-0.4278,0.9039,0,0,0.4278,0.9039,0,0,-0.3827,0.9239
42,v,0,0,0,,0,-539.04,327.91,,-250.8249974,411.1892622,421.75498,,257.1750026,411.1892622,421.75498,,402.63064,691.7477464,302.72834,,-396.28064,691.7477464,302.72834,,-250.8249974,411.1892622,1254.942,,257.1750026,411.1892622,1254.942,,-1.9933902,191.22808,10560.950,,-250.825,218.4792524,11.61130798,,257.175,218.4792524,11.61130798,,432.9902996,523.9263797,102.8997081,,-426.6402996,523.9263797,102.8997081,,3.175,428.0292524,262.3520879,
      42,q,0,0,0,1,0,0,0,1,0,0,0.866,0.5,0,0,0.866,0.5,0,0,0.7071,-0.7071,0,0,0.7071,-0.7071,0,0,0.866,0.5,0,0,0.866,0.5,   0.00014010495,  -0.00018858949,   0.00032647355,      0.99999991,0,0,1,0,0,0,1,0,0,0,-0.4278,0.9039,0,0,0.4278,0.9039,0,0,-0.3827,0.9239
43,v,0,0,0,,0,-539.04,327.91,,-250.8249974,411.1892622,421.75498,,257.1750026,411.1892622,421.75498,,402.63064,691.7477464,302.72834,,-396.28064,691.7477464,302.72834,,-250.8249974,411.1892622,1254.942,,257.1750026,411.1892622,1254.942,,-1.9251999,191.28004,10560.950,,-250.825,218.4792524,11.61130798,,257.175,218.4792524,11.61130798,,432.9902996,523.9263797,102.8997081,,-426.6402996,523.9263797,102.8997081,,3.175,428.0292524,262.3520879,
      43,q,0,0,0,1,0,0,0,1,0,0,0.866,0.5,0,0,0.866,0.5,0,0,0.7071,-0.7071,0,0,0.7071,-0.7071,0,0,0.866,0.5,0,0,0.866,0.5,   0.00013519316,  -0.00018213780,   0.00032397539,      0.99999991,0,0,1,0,0,0,1,0,0,0,-0.4278,0.9039,0,0,0.4278,0.9039,0,0,-0.3827,0.9239
44,v,0,0,0,,0,-539.04,327.91,,-250.8249974,411.1892622,421.75498,,257.1750026,411.1892622,421.75498,,402.63064,691.7477464,302.72834,,-396.28064,691.7477464,302.72834,,-250.8249974,411.1892622,1254.942,,257.1750026,411.1892622,1254.942,,-1.8577419,191.32865,10560.950,,-250.825,218.4792524,11.61130798,,257.175,218.4792524,11.61130798,,432.9902996,523.9263797,102.8997081,,-426.6402996,523.9263797,102.8997081,,3.175,428.0292524,262.3520879,
      44,q,0,0,0,1,0,0,0,1,0,0,0.866,0.5,0,0,0.866,0.5,0,0,0.7071,-0.7071,0,0,0.7071,-0.7071,0,0,0.866,0.5,0,0,0.866,0.5,   0.00013059740,  -0.00017575551,   0.00032147704,      0.99999992,0,0,1,0,0,0,1,0,0,0,-0.4278,0.9039,0,0,0.4278,0.9039,0,0,-0.3827,0.9239
45,v,0,0,0,,0,-539.04,327.91,,-250.8249974,411.1892622,421.75498,,257.1750026,411.1892622,421.75498,,402.63064,691.7477464,302.72834,,-396.28064,691.7477464,302.72834,,-250.8249974,411.1892622,1254.942,,257.1750026,411.1892622,1254.942,,-1.7921455,191.37405,10560.950,,-250.825,218.4792524,11.61130798,,257.175,218.4792524,11.61130798,,432.9902996,523.9263797,102.8997081,,-426.6402996,523.9263797,102.8997081,,3.175,428.0292524,262.3520879,
      45,q,0,0,0,1,0,0,0,1,0,0,0.866,0.5,0,0,0.866,0.5,0,0,0.7071,-0.7071,0,0,0.7071,-0.7071,0,0,0.866,0.5,0,0,0.866,0.5,   0.00012630600,  -0.00016954947,   0.00031947859,      0.99999992,0,0,1,0,0,0,1,0,0,0,-0.4278,0.9039,0,0,0.4278,0.9039,0,0,-0.3827,0.9239
46,v,0,0,0,,0,-539.04,327.91,,-250.8249974,411.1892622,421.75498,,257.1750026,411.1892622,421.75498,,402.63064,691.7477464,302.72834,,-396.28064,691.7477464,302.72834,,-250.8249974,411.1892622,1254.942,,257.1750026,411.1892622,1254.942,,-1.7263964,191.41682,10560.950,,-250.825,218.4792524,11.61130798,,257.175,218.4792524,11.61130798,,432.9902996,523.9263797,102.8997081,,-426.6402996,523.9263797,102.8997081,,3.175,428.0292524,262.3520879,
      46,q,0,0,0,1,0,0,0,1,0,0,0.866,0.5,0,0,0.866,0.5,0,0,0.7071,-0.7071,0,0,0.7071,-0.7071,0,0,0.866,0.5,0,0,0.866,0.5,   0.00012226285,  -0.00016332907,   0.00031728800,      0.99999992,0,0,1,0,0,0,1,0,0,0,-0.4278,0.9039,0,0,0.4278,0.9039,0,0,-0.3827,0.9239
47,v,0,0,0,,0,-539.04,327.91,,-250.8249974,411.1892622,421.75498,,257.1750026,411.1892622,421.75498,,402.63064,691.7477464,302.72834,,-396.28064,691.7477464,302.72834,,-250.8249974,411.1892622,1254.942,,257.1750026,411.1892622,1254.942,,-1.6619138,191.45698,10560.950,,-250.825,218.4792524,11.61130798,,257.175,218.4792524,11.61130798,,432.9902996,523.9263797,102.8997081,,-426.6402996,523.9263797,102.8997081,,3.175,428.0292524,262.3520879,
      47,q,0,0,0,1,0,0,0,1,0,0,0.866,0.5,0,0,0.866,0.5,0,0,0.7071,-0.7071,0,0,0.7071,-0.7071,0,0,0.866,0.5,0,0,0.866,0.5,   0.00011846638,  -0.00015722860,   0.00031550836,      0.99999992,0,0,1,0,0,0,1,0,0,0,-0.4278,0.9039,0,0,0.4278,0.9039,0,0,-0.3827,0.9239
48,v,0,0,0,,0,-539.04,327.91,,-250.8249974,411.1892622,421.75498,,257.1750026,411.1892622,421.75498,,402.63064,691.7477464,302.72834,,-396.28064,691.7477464,302.72834,,-250.8249974,411.1892622,1254.942,,257.1750026,411.1892622,1254.942,,-1.5979804,191.49478,10560.950,,-250.825,218.4792524,11.61130798,,257.175,218.4792524,11.61130798,,432.9902996,523.9263797,102.8997081,,-426.6402996,523.9263797,102.8997081,,3.175,428.0292524,262.3520879,
      48,q,0,0,0,1,0,0,0,1,0,0,0.866,0.5,0,0,0.866,0.5,0,0,0.7071,-0.7071,0,0,0.7071,-0.7071,0,0,0.866,0.5,0,0,0.866,0.5,   0.00011489353,  -0.00015118019,   0.00031397812,      0.99999992,0,0,1,0,0,0,1,0,0,0,-0.4278,0.9039,0,0,0.4278,0.9039,0,0,-0.3827,0.9239
49,v,0,0,0,,0,-539.04,327.91,,-250.8249974,411.1892622,421.75498,,257.1750026,411.1892622,421.75498,,402.63064,691.7477464,302.72834,,-396.28064,691.7477464,302.72834,,-250.8249974,411.1892622,1254.942,,257.1750026,411.1892622,1254.942,,-1.5348709,191.53044,10560.950,,-250.825,218.4792524,11.61130798,,257.175,218.4792524,11.61130798,,432.9902996,523.9263797,102.8997081,,-426.6402996,523.9263797,102.8997081,,3.175,428.0292524,262.3520879,
      49,q,0,0,0,1,0,0,0,1,0,0,0.866,0.5,0,0,0.866,0.5,0,0,0.7071,-0.7071,0,0,0.7071,-0.7071,0,0,0.866,0.5,0,0,0.866,0.5,   0.00011152268,  -0.00014520981,   0.00031265478,      0.99999992,0,0,1,0,0,0,1,0,0,0,-0.4278,0.9039,0,0,0.4278,0.9039,0,0,-0.3827,0.9239
50,v,0,0,0,,0,-539.04,327.91,,-250.8249974,411.1892622,421.75498,,257.1750026,411.1892622,421.75498,,402.63064,691.7477464,302.72834,,-396.28064,691.7477464,302.72834,,-250.8249974,411.1892622,1254.942,,257.1750026,411.1892622,1254.942,,-1.4723718,191.56502,10560.950,,-250.825,218.4792524,11.61130798,,257.175,218.4792524,11.61130798,,432.9902996,523.9263797,102.8997081,,-426.6402996,523.9263797,102.8997081,,3.175,428.0292524,262.3520879,
      50,q,0,0,0,1,0,0,0,1,0,0,0.866,0.5,0,0,0.866,0.5,0,0,0.7071,-0.7071,0,0,0.7071,-0.7071,0,0,0.866,0.5,0,0,0.866,0.5,   0.00010825428,  -0.00013929719,   0.00031126842,      0.99999992,0,0,1,0,0,0,1,0,0,0,-0.4278,0.9039,0,0,0.4278,0.9039,0,0,-0.3827,0.9239
51,v,0,0,0,,0,-539.04,327.91,,-250.8249974,411.1892622,421.75498,,257.1750026,411.1892622,421.75498,,402.63064,691.7477464,302.72834,,-396.28064,691.7477464,302.72834,,-250.8249974,411.1892622,1254.942,,257.1750026,411.1892622,1254.942,,-1.4102083,191.59860,10560.950,,-250.825,218.4792524,11.61130798,,257.175,218.4792524,11.61130798,,432.9902996,523.9263797,102.8997081,,-426.6402996,523.9263797,102.8997081,,3.175,428.0292524,262.3520879,
      51,q,0,0,0,1,0,0,0,1,0,0,0.866,0.5,0,0,0.866,0.5,0,0,0.7071,-0.7071,0,0,0.7071,-0.7071,0,0,0.866,0.5,0,0,0.866,0.5,   0.00010507969,  -0.00013341633,   0.00030966097,      0.99999993,0,0,1,0,0,0,1,0,0,0,-0.4278,0.9039,0,0,0.4278,0.9039,0,0,-0.3827,0.9239
52,v,0,0,0,,0,-539.04,327.91,,-250.8249974,411.1892622,421.75498,,257.1750026,411.1892622,421.75498,,402.63064,691.7477464,302.72834,,-396.28064,691.7477464,302.72834,,-250.8249974,411.1892622,1254.942,,257.1750026,411.1892622,1254.942,,-1.3493112,191.63112,10560.950,,-250.825,218.4792524,11.61130798,,257.175,218.4792524,11.61130798,,432.9902996,523.9263797,102.8997081,,-426.6402996,523.9263797,102.8997081,,3.175,428.0292524,262.3520879,
      52,q,0,0,0,1,0,0,0,1,0,0,0.866,0.5,0,0,0.866,0.5,0,0,0.7071,-0.7071,0,0,0.7071,-0.7071,0,0,0.866,0.5,0,0,0.866,0.5,   0.00010200611,  -0.00012765528,   0.00030779848,      0.99999993,0,0,1,0,0,0,1,0,0,0,-0.4278,0.9039,0,0,0.4278,0.9039,0,0,-0.3827,0.9239
53,v,0,0,0,,0,-539.04,327.91,,-250.8249974,411.1892622,421.75498,,257.1750026,411.1892622,421.75498,,402.63064,691.7477464,302.72834,,-396.28064,691.7477464,302.72834,,-250.8249974,411.1892622,1254.942,,257.1750026,411.1892622,1254.942,,-1.2884904,191.66261,10560.950,,-250.825,218.4792524,11.61130798,,257.175,218.4792524,11.61130798,,432.9902996,523.9263797,102.8997081,,-426.6402996,523.9263797,102.8997081,,3.175,428.0292524,262.3520879,
      53,q,0,0,0,1,0,0,0,1,0,0,0.866,0.5,0,0,0.866,0.5,0,0,0.7071,-0.7071,0,0,0.7071,-0.7071,0,0,0.866,0.5,0,0,0.866,0.5,   9.9029218e-05,  -0.00012190146,   0.00030580192,      0.99999993,0,0,1,0,0,0,1,0,0,0,-0.4278,0.9039,0,0,0.4278,0.9039,0,0,-0.3827,0.9239
54,v,0,0,0,,0,-539.04,327.91,,-250.8249974,411.1892622,421.75498,,257.1750026,411.1892622,421.75498,,402.63064,691.7477464,302.72834,,-396.28064,691.7477464,302.72834,,-250.8249974,411.1892622,1254.942,,257.1750026,411.1892622,1254.942,,-1.2291497,191.69307,10560.950,,-250.825,218.4792524,11.61130798,,257.175,218.4792524,11.61130798,,432.9902996,523.9263797,102.8997081,,-426.6402996,523.9263797,102.8997081,,3.175,428.0292524,262.3520879,
      54,q,0,0,0,1,0,0,0,1,0,0,0.866,0.5,0,0,0.866,0.5,0,0,0.7071,-0.7071,0,0,0.7071,-0.7071,0,0,0.866,0.5,0,0,0.866,0.5,   9.6150433e-05,  -0.00011628765,   0.00030358580,      0.99999993,0,0,1,0,0,0,1,0,0,0,-0.4278,0.9039,0,0,0.4278,0.9039,0,0,-0.3827,0.9239
55,v,0,0,0,,0,-539.04,327.91,,-250.8249974,411.1892622,421.75498,,257.1750026,411.1892622,421.75498,,402.63064,691.7477464,302.72834,,-396.28064,691.7477464,302.72834,,-250.8249974,411.1892622,1254.942,,257.1750026,411.1892622,1254.942,,-1.1695190,191.72257,10560.950,,-250.825,218.4792524,11.61130798,,257.175,218.4792524,11.61130798,,432.9902996,523.9263797,102.8997081,,-426.6402996,523.9263797,102.8997081,,3.175,428.0292524,262.3520879,
      55,q,0,0,0,1,0,0,0,1,0,0,0.866,0.5,0,0,0.866,0.5,0,0,0.7071,-0.7071,0,0,0.7071,-0.7071,0,0,0.866,0.5,0,0,0.866,0.5,   9.3362566e-05,  -0.00011064645,   0.00030130116,      0.99999993,0,0,1,0,0,0,1,0,0,0,-0.4278,0.9039,0,0,0.4278,0.9039,0,0,-0.3827,0.9239
56,v,0,0,0,,0,-539.04,327.91,,-250.8249974,411.1892622,421.75498,,257.1750026,411.1892622,421.75498,,402.63064,691.7477464,302.72834,,-396.28064,691.7477464,302.72834,,-250.8249974,411.1892622,1254.942,,257.1750026,411.1892622,1254.942,,-1.1109716,191.75110,10560.950,,-250.825,218.4792524,11.61130798,,257.175,218.4792524,11.61130798,,432.9902996,523.9263797,102.8997081,,-426.6402996,523.9263797,102.8997081,,3.175,428.0292524,262.3520879,
      56,q,0,0,0,1,0,0,0,1,0,0,0.866,0.5,0,0,0.866,0.5,0,0,0.7071,-0.7071,0,0,0.7071,-0.7071,0,0,0.866,0.5,0,0,0.866,0.5,   9.0665587e-05,  -0.00010510775,   0.00029885546,      0.99999993,0,0,1,0,0,0,1,0,0,0,-0.4278,0.9039,0,0,0.4278,0.9039,0,0,-0.3827,0.9239
57,v,0,0,0,,0,-539.04,327.91,,-250.8249974,411.1892622,421.75498,,257.1750026,411.1892622,421.75498,,402.63064,691.7477464,302.72834,,-396.28064,691.7477464,302.72834,,-250.8249974,411.1892622,1254.942,,257.1750026,411.1892622,1254.942,,-1.0530498,191.77870,10560.950,,-250.825,218.4792524,11.61130798,,257.175,218.4792524,11.61130798,,432.9902996,523.9263797,102.8997081,,-426.6402996,523.9263797,102.8997081,,3.175,428.0292524,262.3520879,
      57,q,0,0,0,1,0,0,0,1,0,0,0.866,0.5,0,0,0.866,0.5,0,0,0.7071,-0.7071,0,0,0.7071,-0.7071,0,0,0.866,0.5,0,0,0.866,0.5,   8.8056615e-05,  -9.9628241e-05,   0.00029629124,      0.99999993,0,0,1,0,0,0,1,0,0,0,-0.4278,0.9039,0,0,0.4278,0.9039,0,0,-0.3827,0.9239
58,v,0,0,0,,0,-539.04,327.91,,-250.8249974,411.1892622,421.75498,,257.1750026,411.1892622,421.75498,,402.63064,691.7477464,302.72834,,-396.28064,691.7477464,302.72834,,-250.8249974,411.1892622,1254.942,,257.1750026,411.1892622,1254.942,,-0.99761514,191.80573,10560.950,,-250.825,218.4792524,11.61130798,,257.175,218.4792524,11.61130798,,432.9902996,523.9263797,102.8997081,,-426.6402996,523.9263797,102.8997081,,3.175,428.0292524,262.3520879,
      58,q,0,0,0,1,0,0,0,1,0,0,0.866,0.5,0,0,0.866,0.5,0,0,0.7071,-0.7071,0,0,0.7071,-0.7071,0,0,0.866,0.5,0,0,0.866,0.5,   8.5502382e-05,  -9.4384014e-05,   0.00029381541,      0.99999993,0,0,1,0,0,0,1,0,0,0,-0.4278,0.9039,0,0,0.4278,0.9039,0,0,-0.3827,0.9239
59,v,0,0,0,,0,-539.04,327.91,,-250.8249974,411.1892622,421.75498,,257.1750026,411.1892622,421.75498,,402.63064,691.7477464,302.72834,,-396.28064,691.7477464,302.72834,,-250.8249974,411.1892622,1254.942,,257.1750026,411.1892622,1254.942,,-0.94540002,191.83216,10560.950,,-250.825,218.4792524,11.61130798,,257.175,218.4792524,11.61130798,,432.9902996,523.9263797,102.8997081,,-426.6402996,523.9263797,102.8997081,,3.175,428.0292524,262.3520879,
      59,q,0,0,0,1,0,0,0,1,0,0,0.866,0.5,0,0,0.866,0.5,0,0,0.7071,-0.7071,0,0,0.7071,-0.7071,0,0,0.866,0.5,0,0,0.866,0.5,   8.3004329e-05,  -8.9444330e-05,   0.00029127558,      0.99999993,0,0,1,0,0,0,1,0,0,0,-0.4278,0.9039,0,0,0.4278,0.9039,0,0,-0.3827,0.9239
60,v,0,0,0,,0,-539.04,327.91,,-250.8249974,411.1892622,421.75498,,257.1750026,411.1892622,421.75498,,402.63064,691.7477464,302.72834,,-396.28064,691.7477464,302.72834,,-250.8249974,411.1892622,1254.942,,257.1750026,411.1892622,1254.942,,-0.89512273,191.85793,10560.950,,-250.825,218.4792524,11.61130798,,257.175,218.4792524,11.61130798,,432.9902996,523.9263797,102.8997081,,-426.6402996,523.9263797,102.8997081,,3.175,428.0292524,262.3520879,
      60,q,0,0,0,1,0,0,0,1,0,0,0.866,0.5,0,0,0.866,0.5,0,0,0.7071,-0.7071,0,0,0.7071,-0.7071,0,0,0.866,0.5,0,0,0.866,0.5,   8.0568271e-05,  -8.4687953e-05,   0.00028858818,      0.99999993,0,0,1,0,0,0,1,0,0,0,-0.4278,0.9039,0,0,0.4278,0.9039,0,0,-0.3827,0.9239
61,v,0,0,0,,0,-539.04,327.91,,-250.8249974,411.1892622,421.75498,,257.1750026,411.1892622,421.75498,,402.63064,691.7477464,302.72834,,-396.28064,691.7477464,302.72834,,-250.8249974,411.1892622,1254.942,,257.1750026,411.1892622,1254.942,,-0.84652387,191.88308,10560.950,,-250.825,218.4792524,11.61130798,,257.175,218.4792524,11.61130798,,432.9902996,523.9263797,102.8997081,,-426.6402996,523.9263797,102.8997081,,3.175,428.0292524,262.3520879,
      61,q,0,0,0,1,0,0,0,1,0,0,0.866,0.5,0,0,0.866,0.5,0,0,0.7071,-0.7071,0,0,0.7071,-0.7071,0,0,0.866,0.5,0,0,0.866,0.5,   7.8191328e-05,  -8.0090349e-05,   0.00028576524,      0.99999993,0,0,1,0,0,0,1,0,0,0,-0.4278,0.9039,0,0,0.4278,0.9039,0,0,-0.3827,0.9239
62,v,0,0,0,,0,-539.04,327.91,,-250.8249974,411.1892622,421.75498,,257.1750026,411.1892622,421.75498,,402.63064,691.7477464,302.72834,,-396.28064,691.7477464,302.72834,,-250.8249974,411.1892622,1254.942,,257.1750026,411.1892622,1254.942,,-0.79948137,191.90761,10560.950,,-250.825,218.4792524,11.61130798,,257.175,218.4792524,11.61130798,,432.9902996,523.9263797,102.8997081,,-426.6402996,523.9263797,102.8997081,,3.175,428.0292524,262.3520879,
      62,q,0,0,0,1,0,0,0,1,0,0,0.866,0.5,0,0,0.866,0.5,0,0,0.7071,-0.7071,0,0,0.7071,-0.7071,0,0,0.866,0.5,0,0,0.866,0.5,   7.5872061e-05,  -7.5639970e-05,   0.00028277325,      0.99999993,0,0,1,0,0,0,1,0,0,0,-0.4278,0.9039,0,0,0.4278,0.9039,0,0,-0.3827,0.9239
63,v,0,0,0,,0,-539.04,327.91,,-250.8249974,411.1892622,421.75498,,257.1750026,411.1892622,421.75498,,402.63064,691.7477464,302.72834,,-396.28064,691.7477464,302.72834,,-250.8249974,411.1892622,1254.942,,257.1750026,411.1892622,1254.942,,-0.75376636,191.93157,10560.950,,-250.825,218.4792524,11.61130798,,257.175,218.4792524,11.61130798,,432.9902996,523.9263797,102.8997081,,-426.6402996,523.9263797,102.8997081,,3.175,428.0292524,262.3520879,
      63,q,0,0,0,1,0,0,0,1,0,0,0.866,0.5,0,0,0.866,0.5,0,0,0.7071,-0.7071,0,0,0.7071,-0.7071,0,0,0.866,0.5,0,0,0.866,0.5,   7.3607587e-05,  -7.1315170e-05,   0.00027964624,      0.99999994,0,0,1,0,0,0,1,0,0,0,-0.4278,0.9039,0,0,0.4278,0.9039,0,0,-0.3827,0.9239
64,v,0,0,0,,0,-539.04,327.91,,-250.8249974,411.1892622,421.75498,,257.1750026,411.1892622,421.75498,,402.63064,691.7477464,302.72834,,-396.28064,691.7477464,302.72834,,-250.8249974,411.1892622,1254.942,,257.1750026,411.1892622,1254.942,,-0.70927202,191.95498,10560.950,,-250.825,218.4792524,11.61130798,,257.175,218.4792524,11.61130798,,432.9902996,523.9263797,102.8997081,,-426.6402996,523.9263797,102.8997081,,3.175,428.0292524,262.3520879,
      64,q,0,0,0,1,0,0,0,1,0,0,0.866,0.5,0,0,0.866,0.5,0,0,0.7071,-0.7071,0,0,0.7071,-0.7071,0,0,0.866,0.5,0,0,0.866,0.5,   7.1395023e-05,  -6.7105844e-05,   0.00027636719,      0.99999994,0,0,1,0,0,0,1,0,0,0,-0.4278,0.9039,0,0,0.4278,0.9039,0,0,-0.3827,0.9239
65,v,0,0,0,,0,-539.04,327.91,,-250.8249974,411.1892622,421.75498,,257.1750026,411.1892622,421.75498,,402.63064,691.7477464,302.72834,,-396.28064,691.7477464,302.72834,,-250.8249974,411.1892622,1254.942,,257.1750026,411.1892622,1254.942,,-0.66592208,191.97782,10560.950,,-250.825,218.4792524,11.61130798,,257.175,218.4792524,11.61130798,,432.9902996,523.9263797,102.8997081,,-426.6402996,523.9263797,102.8997081,,3.175,428.0292524,262.3520879,
      65,q,0,0,0,1,0,0,0,1,0,0,0.866,0.5,0,0,0.866,0.5,0,0,0.7071,-0.7071,0,0,0.7071,-0.7071,0,0,0.866,0.5,0,0,0.866,0.5,   6.9235813e-05,  -6.3004777e-05,   0.00027292065,      0.99999994,0,0,1,0,0,0,1,0,0,0,-0.4278,0.9039,0,0,0.4278,0.9039,0,0,-0.3827,0.9239
66,v,0,0,0,,0,-539.04,327.91,,-250.8249974,411.1892622,421.75498,,257.1750026,411.1892622,421.75498,,402.63064,691.7477464,302.72834,,-396.28064,691.7477464,302.72834,,-250.8249974,411.1892622,1254.942,,257.1750026,411.1892622,1254.942,,-0.62440316,192.00017,10560.950,,-250.825,218.4792524,11.61130798,,257.175,218.4792524,11.61130798,,432.9902996,523.9263797,102.8997081,,-426.6402996,523.9263797,102.8997081,,3.175,428.0292524,262.3520879,
      66,q,0,0,0,1,0,0,0,1,0,0,0.866,0.5,0,0,0.866,0.5,0,0,0.7071,-0.7071,0,0,0.7071,-0.7071,0,0,0.866,0.5,0,0,0.866,0.5,   6.7122724e-05,  -5.9076911e-05,   0.00026928452,      0.99999994,0,0,1,0,0,0,1,0,0,0,-0.4278,0.9039,0,0,0.4278,0.9039,0,0,-0.3827,0.9239
67,v,0,0,0,,0,-539.04,327.91,,-250.8249974,411.1892622,421.75498,,257.1750026,411.1892622,421.75498,,402.63064,691.7477464,302.72834,,-396.28064,691.7477464,302.72834,,-250.8249974,411.1892622,1254.942,,257.1750026,411.1892622,1254.942,,-0.58650053,192.02216,10560.950,,-250.825,218.4792524,11.61130798,,257.175,218.4792524,11.61130798,,432.9902996,523.9263797,102.8997081,,-426.6402996,523.9263797,102.8997081,,3.175,428.0292524,262.3520879,
      67,q,0,0,0,1,0,0,0,1,0,0,0.866,0.5,0,0,0.866,0.5,0,0,0.7071,-0.7071,0,0,0.7071,-0.7071,0,0,0.866,0.5,0,0,0.866,0.5,   6.5044179e-05,  -5.5491087e-05,   0.00026521439,      0.99999994,0,0,1,0,0,0,1,0,0,0,-0.4278,0.9039,0,0,0.4278,0.9039,0,0,-0.3827,0.9239
68,v,0,0,0,,0,-539.04,327.91,,-250.8249974,411.1892622,421.75498,,257.1750026,411.1892622,421.75498,,402.63064,691.7477464,302.72834,,-396.28064,691.7477464,302.72834,,-250.8249974,411.1892622,1254.942,,257.1750026,411.1892622,1254.942,,-0.55056627,192.04380,10560.950,,-250.825,218.4792524,11.61130798,,257.175,218.4792524,11.61130798,,432.9902996,523.9263797,102.8997081,,-426.6402996,523.9263797,102.8997081,,3.175,428.0292524,262.3520879,
      68,q,0,0,0,1,0,0,0,1,0,0,0.866,0.5,0,0,0.866,0.5,0,0,0.7071,-0.7071,0,0,0.7071,-0.7071,0,0,0.866,0.5,0,0,0.866,0.5,   6.2998769e-05,  -5.2091452e-05,   0.00026088872,       1.0000000,0,0,1,0,0,0,1,0,0,0,-0.4278,0.9039,0,0,0.4278,0.9039,0,0,-0.3827,0.9239
69,v,0,0,0,,0,-539.04,327.91,,-250.8249974,411.1892622,421.75498,,257.1750026,411.1892622,421.75498,,402.63064,691.7477464,302.72834,,-396.28064,691.7477464,302.72834,,-250.8249974,411.1892622,1254.942,,257.1750026,411.1892622,1254.942,,-3.4364696,189.52656,10560.949,,-250.825,218.4792524,11.61130798,,257.175,218.4792524,11.61130798,,432.9902996,523.9263797,102.8997081,,-426.6402996,523.9263797,102.8997081,,3.175,428.0292524,262.3520879,
      69,q,0,0,0,1,0,0,0,1,0,0,0.866,0.5,0,0,0.866,0.5,0,0,0.7071,-0.7071,0,0,0.7071,-0.7071,0,0,0.866,0.5,0,0,0.866,0.5,   0.00030119675,  -0.00032495050,  -0.00028602985,      0.99999984,0,0,1,0,0,0,1,0,0,0,-0.4278,0.9039,0,0,0.4278,0.9039,0,0,-0.3827,0.9239
70,v,0,0,0,,0,-539.04,327.91,,-250.8249974,411.1892622,421.75498,,257.1750026,411.1892622,421.75498,,402.63064,691.7477464,302.72834,,-396.28064,691.7477464,302.72834,,-250.8249974,411.1892622,1254.942,,257.1750026,411.1892622,1254.942,,-3.5535313,189.32317,10560.948,,-250.825,218.4792524,11.61130798,,257.175,218.4792524,11.61130798,,432.9902996,523.9263797,102.8997081,,-426.6402996,523.9263797,102.8997081,,3.175,428.0292524,262.3520879,
      70,q,0,0,0,1,0,0,0,1,0,0,0.866,0.5,0,0,0.866,0.5,0,0,0.7071,-0.7071,0,0,0.7071,-0.7071,0,0,0.866,0.5,0,0,0.866,0.5,   0.00032043139,  -0.00033602335,  -0.00026688115,      0.99999983,0,0,1,0,0,0,1,0,0,0,-0.4278,0.9039,0,0,0.4278,0.9039,0,0,-0.3827,0.9239
71,v,0,0,0,,0,-539.04,327.91,,-250.8249974,411.1892622,421.75498,,257.1750026,411.1892622,421.75498,,402.63064,691.7477464,302.72834,,-396.28064,691.7477464,302.72834,,-250.8249974,411.1892622,1254.942,,257.1750026,411.1892622,1254.942,,-3.6596374,189.16268,10560.948,,-250.825,218.4792524,11.61130798,,257.175,218.4792524,11.61130798,,432.9902996,523.9263797,102.8997081,,-426.6402996,523.9263797,102.8997081,,3.175,428.0292524,262.3520879,
      71,q,0,0,0,1,0,0,0,1,0,0,0.866,0.5,0,0,0.866,0.5,0,0,0.7071,-0.7071,0,0,0.7071,-0.7071,0,0,0.866,0.5,0,0,0.866,0.5,   0.00033560725,  -0.00034606132,  -0.00024896410,      0.99999988,0,0,1,0,0,0,1,0,0,0,-0.4278,0.9039,0,0,0.4278,0.9039,0,0,-0.3827,0.9239
72,v,0,0,0,,0,-539.04,327.91,,-250.8249974,411.1892622,421.75498,,257.1750026,411.1892622,421.75498,,402.63064,691.7477464,302.72834,,-396.28064,691.7477464,302.72834,,-250.8249974,411.1892622,1254.942,,257.1750026,411.1892622,1254.942,,-3.7582058,189.02919,10560.948,,-250.825,218.4792524,11.61130798,,257.175,218.4792524,11.61130798,,432.9902996,523.9263797,102.8997081,,-426.6402996,523.9263797,102.8997081,,3.175,428.0292524,262.3520879,
      72,q,0,0,0,1,0,0,0,1,0,0,0.866,0.5,0,0,0.866,0.5,0,0,0.7071,-0.7071,0,0,0.7071,-0.7071,0,0,0.866,0.5,0,0,0.866,0.5,   0.00034822982,  -0.00035538701,  -0.00023234373,      0.99999988,0,0,1,0,0,0,1,0,0,0,-0.4278,0.9039,0,0,0.4278,0.9039,0,0,-0.3827,0.9239
73,v,0,0,0,,0,-539.04,327.91,,-250.8249974,411.1892622,421.75498,,257.1750026,411.1892622,421.75498,,402.63064,691.7477464,302.72834,,-396.28064,691.7477464,302.72834,,-250.8249974,411.1892622,1254.942,,257.1750026,411.1892622,1254.942,,-3.8492823,188.91410,10560.948,,-250.825,218.4792524,11.61130798,,257.175,218.4792524,11.61130798,,432.9902996,523.9263797,102.8997081,,-426.6402996,523.9263797,102.8997081,,3.175,428.0292524,262.3520879,
      73,q,0,0,0,1,0,0,0,1,0,0,0.866,0.5,0,0,0.866,0.5,0,0,0.7071,-0.7071,0,0,0.7071,-0.7071,0,0,0.866,0.5,0,0,0.866,0.5,   0.00035911163,  -0.00036400455,  -0.00021661920,      0.99999987,0,0,1,0,0,0,1,0,0,0,-0.4278,0.9039,0,0,0.4278,0.9039,0,0,-0.3827,0.9239
74,v,0,0,0,,0,-539.04,327.91,,-250.8249974,411.1892622,421.75498,,257.1750026,411.1892622,421.75498,,402.63064,691.7477464,302.72834,,-396.28064,691.7477464,302.72834,,-250.8249974,411.1892622,1254.942,,257.1750026,411.1892622,1254.942,,-3.9352015,188.81200,10560.948,,-250.825,218.4792524,11.61130798,,257.175,218.4792524,11.61130798,,432.9902996,523.9263797,102.8997081,,-426.6402996,523.9263797,102.8997081,,3.175,428.0292524,262.3520879,
      74,q,0,0,0,1,0,0,0,1,0,0,0.866,0.5,0,0,0.866,0.5,0,0,0.7071,-0.7071,0,0,0.7071,-0.7071,0,0,0.866,0.5,0,0,0.866,0.5,   0.00036876525,  -0.00037213445,  -0.00020205421,      0.99999986,0,0,1,0,0,0,1,0,0,0,-0.4278,0.9039,0,0,0.4278,0.9039,0,0,-0.3827,0.9239
75,v,0,0,0,,0,-539.04,327.91,,-250.8249974,411.1892622,421.75498,,257.1750026,411.1892622,421.75498,,402.63064,691.7477464,302.72834,,-396.28064,691.7477464,302.72834,,-250.8249974,411.1892622,1254.942,,257.1750026,411.1892622,1254.942,,-3.9976992,188.72592,10560.948,,-250.825,218.4792524,11.61130798,,257.175,218.4792524,11.61130798,,432.9902996,523.9263797,102.8997081,,-426.6402996,523.9263797,102.8997081,,3.175,428.0292524,262.3520879,
      75,q,0,0,0,1,0,0,0,1,0,0,0.866,0.5,0,0,0.866,0.5,0,0,0.7071,-0.7071,0,0,0.7071,-0.7071,0,0,0.866,0.5,0,0,0.866,0.5,   0.00037690204,  -0.00037805029,  -0.00018565445,      0.99999986,0,0,1,0,0,0,1,0,0,0,-0.4278,0.9039,0,0,0.4278,0.9039,0,0,-0.3827,0.9239
76,v,0,0,0,,0,-539.04,327.91,,-250.8249974,411.1892622,421.75498,,257.1750026,411.1892622,421.75498,,402.63064,691.7477464,302.72834,,-396.28064,691.7477464,302.72834,,-250.8249974,411.1892622,1254.942,,257.1750026,411.1892622,1254.942,,-4.0539105,188.64831,10560.948,,-250.825,218.4792524,11.61130798,,257.175,218.4792524,11.61130798,,432.9902996,523.9263797,102.8997081,,-426.6402996,523.9263797,102.8997081,,3.175,428.0292524,262.3520879,
      76,q,0,0,0,1,0,0,0,1,0,0,0.866,0.5,0,0,0.866,0.5,0,0,0.7071,-0.7071,0,0,0.7071,-0.7071,0,0,0.866,0.5,0,0,0.866,0.5,   0.00038423791,  -0.00038337154,  -0.00017031479,      0.99999985,0,0,1,0,0,0,1,0,0,0,-0.4278,0.9039,0,0,0.4278,0.9039,0,0,-0.3827,0.9239
77,v,0,0,0,,0,-539.04,327.91,,-250.8249974,411.1892622,421.75498,,257.1750026,411.1892622,421.75498,,402.63064,691.7477464,302.72834,,-396.28064,691.7477464,302.72834,,-250.8249974,411.1892622,1254.942,,257.1750026,411.1892622,1254.942,,-4.1053612,188.57770,10560.948,,-250.825,218.4792524,11.61130798,,257.175,218.4792524,11.61130798,,432.9902996,523.9263797,102.8997081,,-426.6402996,523.9263797,102.8997081,,3.175,428.0292524,262.3520879,
      77,q,0,0,0,1,0,0,0,1,0,0,0.866,0.5,0,0,0.866,0.5,0,0,0.7071,-0.7071,0,0,0.7071,-0.7071,0,0,0.866,0.5,0,0,0.866,0.5,   0.00039091156,  -0.00038824234,  -0.00015624224,      0.99999985,0,0,1,0,0,0,1,0,0,0,-0.4278,0.9039,0,0,0.4278,0.9039,0,0,-0.3827,0.9239
78,v,0,0,0,,0,-539.04,327.91,,-250.8249974,411.1892622,421.75498,,257.1750026,411.1892622,421.75498,,402.63064,691.7477464,302.72834,,-396.28064,691.7477464,302.72834,,-250.8249974,411.1892622,1254.942,,257.1750026,411.1892622,1254.942,,-4.1518072,188.51357,10560.948,,-250.825,218.4792524,11.61130798,,257.175,218.4792524,11.61130798,,432.9902996,523.9263797,102.8997081,,-426.6402996,523.9263797,102.8997081,,3.175,428.0292524,262.3520879,
      78,q,0,0,0,1,0,0,0,1,0,0,0.866,0.5,0,0,0.866,0.5,0,0,0.7071,-0.7071,0,0,0.7071,-0.7071,0,0,0.866,0.5,0,0,0.866,0.5,   0.00039697351,  -0.00039263957,  -0.00014336834,      0.99999984,0,0,1,0,0,0,1,0,0,0,-0.4278,0.9039,0,0,0.4278,0.9039,0,0,-0.3827,0.9239
79,v,0,0,0,,0,-539.04,327.91,,-250.8249974,411.1892622,421.75498,,257.1750026,411.1892622,421.75498,,402.63064,691.7477464,302.72834,,-396.28064,691.7477464,302.72834,,-250.8249974,411.1892622,1254.942,,257.1750026,411.1892622,1254.942,,-4.1958881,188.45442,10560.948,,-250.825,218.4792524,11.61130798,,257.175,218.4792524,11.61130798,,432.9902996,523.9263797,102.8997081,,-426.6402996,523.9263797,102.8997081,,3.175,428.0292524,262.3520879,
      79,q,0,0,0,1,0,0,0,1,0,0,0.866,0.5,0,0,0.866,0.5,0,0,0.7071,-0.7071,0,0,0.7071,-0.7071,0,0,0.866,0.5,0,0,0.866,0.5,   0.00040256399,  -0.00039681268,  -0.00013209772,      0.99999984,0,0,1,0,0,0,1,0,0,0,-0.4278,0.9039,0,0,0.4278,0.9039,0,0,-0.3827,0.9239
80,v,0,0,0,,0,-539.04,327.91,,-250.8249974,411.1892622,421.75498,,257.1750026,411.1892622,421.75498,,402.63064,691.7477464,302.72834,,-396.28064,691.7477464,302.72834,,-250.8249974,411.1892622,1254.942,,257.1750026,411.1892622,1254.942,,-4.2312108,188.40214,10560.948,,-250.825,218.4792524,11.61130798,,257.175,218.4792524,11.61130798,,432.9902996,523.9263797,102.8997081,,-426.6402996,523.9263797,102.8997081,,3.175,428.0292524,262.3520879,
      80,q,0,0,0,1,0,0,0,1,0,0,0.866,0.5,0,0,0.866,0.5,0,0,0.7071,-0.7071,0,0,0.7071,-0.7071,0,0,0.866,0.5,0,0,0.866,0.5,   0.00040750498,  -0.00040015739,  -0.00012133704,      0.99999984,0,0,1,0,0,0,1,0,0,0,-0.4278,0.9039,0,0,0.4278,0.9039,0,0,-0.3827,0.9239
81,v,0,0,0,,0,-539.04,327.91,,-250.8249974,411.1892622,421.75498,,257.1750026,411.1892622,421.75498,,402.63064,691.7477464,302.72834,,-396.28064,691.7477464,302.72834,,-250.8249974,411.1892622,1254.942,,257.1750026,411.1892622,1254.942,,-4.2657249,188.35354,10560.948,,-250.825,218.4792524,11.61130798,,257.175,218.4792524,11.61130798,,432.9902996,523.9263797,102.8997081,,-426.6402996,523.9263797,102.8997081,,3.175,428.0292524,262.3520879,
      81,q,0,0,0,1,0,0,0,1,0,0,0.866,0.5,0,0,0.866,0.5,0,0,0.7071,-0.7071,0,0,0.7071,-0.7071,0,0,0.866,0.5,0,0,0.866,0.5,   0.00041209878,  -0.00040342502,  -0.00011238723,      0.99999983,0,0,1,0,0,0,1,0,0,0,-0.4278,0.9039,0,0,0.4278,0.9039,0,0,-0.3827,0.9239
82,v,0,0,0,,0,-539.04,327.91,,-250.8249974,411.1892622,421.75498,,257.1750026,411.1892622,421.75498,,402.63064,691.7477464,302.72834,,-396.28064,691.7477464,302.72834,,-250.8249974,411.1892622,1254.942,,257.1750026,411.1892622,1254.942,,-4.2960886,188.30959,10560.948,,-250.825,218.4792524,11.61130798,,257.175,218.4792524,11.61130798,,432.9902996,523.9263797,102.8997081,,-426.6402996,523.9263797,102.8997081,,3.175,428.0292524,262.3520879,
      82,q,0,0,0,1,0,0,0,1,0,0,0.866,0.5,0,0,0.866,0.5,0,0,0.7071,-0.7071,0,0,0.7071,-0.7071,0,0,0.866,0.5,0,0,0.866,0.5,   0.00041625275,  -0.00040629973,  -0.00010461760,      0.99999983,0,0,1,0,0,0,1,0,0,0,-0.4278,0.9039,0,0,0.4278,0.9039,0,0,-0.3827,0.9239
83,v,0,0,0,,0,-539.04,327.91,,-250.8249974,411.1892622,421.75498,,257.1750026,411.1892622,421.75498,,402.63064,691.7477464,302.72834,,-396.28064,691.7477464,302.72834,,-250.8249974,411.1892622,1254.942,,257.1750026,411.1892622,1254.942,,-4.3378045,188.26787,10560.948,,-250.825,218.4792524,11.61130798,,257.175,218.4792524,11.61130798,,432.9902996,523.9263797,102.8997081,,-426.6402996,523.9263797,102.8997081,,3.175,428.0292524,262.3520879,
      83,q,0,0,0,1,0,0,0,1,0,0,0.866,0.5,0,0,0.866,0.5,0,0,0.7071,-0.7071,0,0,0.7071,-0.7071,0,0,0.866,0.5,0,0,0.866,0.5,   0.00042019648,  -0.00041024782,  -9.7878868e-05,      0.99999983,0,0,1,0,0,0,1,0,0,0,-0.4278,0.9039,0,0,0.4278,0.9039,0,0,-0.3827,0.9239
84,v,0,0,0,,0,-539.04,327.91,,-250.8249974,411.1892622,421.75498,,257.1750026,411.1892622,421.75498,,402.63064,691.7477464,302.72834,,-396.28064,691.7477464,302.72834,,-250.8249974,411.1892622,1254.942,,257.1750026,411.1892622,1254.942,,-4.3903079,188.22659,10560.948,,-250.825,218.4792524,11.61130798,,257.175,218.4792524,11.61130798,,432.9902996,523.9263797,102.8997081,,-426.6402996,523.9263797,102.8997081,,3.175,428.0292524,262.3520879,
      84,q,0,0,0,1,0,0,0,1,0,0,0.866,0.5,0,0,0.866,0.5,0,0,0.7071,-0.7071,0,0,0.7071,-0.7071,0,0,0.866,0.5,0,0,0.866,0.5,   0.00042409917,  -0.00041521550,  -9.3015572e-05,      0.99999982,0,0,1,0,0,0,1,0,0,0,-0.4278,0.9039,0,0,0.4278,0.9039,0,0,-0.3827,0.9239
85,v,0,0,0,,0,-539.04,327.91,,-250.8249974,411.1892622,421.75498,,257.1750026,411.1892622,421.75498,,402.63064,691.7477464,302.72834,,-396.28064,691.7477464,302.72834,,-250.8249974,411.1892622,1254.942,,257.1750026,411.1892622,1254.942,,-4.4414227,188.18882,10560.947,,-250.825,218.4792524,11.61130798,,257.175,218.4792524,11.61130798,,432.9902996,523.9263797,102.8997081,,-426.6402996,523.9263797,102.8997081,,3.175,428.0292524,262.3520879,
      85,q,0,0,0,1,0,0,0,1,0,0,0.866,0.5,0,0,0.866,0.5,0,0,0.7071,-0.7071,0,0,0.7071,-0.7071,0,0,0.866,0.5,0,0,0.866,0.5,   0.00042767019,  -0.00042005157,  -8.8986132e-05,      0.99999982,0,0,1,0,0,0,1,0,0,0,-0.4278,0.9039,0,0,0.4278,0.9039,0,0,-0.3827,0.9239
86,v,0,0,0,,0,-539.04,327.91,,-250.8249974,411.1892622,421.75498,,257.1750026,411.1892622,421.75498,,402.63064,691.7477464,302.72834,,-396.28064,691.7477464,302.72834,,-250.8249974,411.1892622,1254.942,,257.1750026,411.1892622,1254.942,,-4.4893181,188.15365,10560.947,,-250.825,218.4792524,11.61130798,,257.175,218.4792524,11.61130798,,432.9902996,523.9263797,102.8997081,,-426.6402996,523.9263797,102.8997081,,3.175,428.0292524,262.3520879,
      86,q,0,0,0,1,0,0,0,1,0,0,0.866,0.5,0,0,0.866,0.5,0,0,0.7071,-0.7071,0,0,0.7071,-0.7071,0,0,0.866,0.5,0,0,0.866,0.5,   0.00043099642,  -0.00042458251,  -8.6477982e-05,      0.99999982,0,0,1,0,0,0,1,0,0,0,-0.4278,0.9039,0,0,0.4278,0.9039,0,0,-0.3827,0.9239
87,v,0,0,0,,0,-539.04,327.91,,-250.8249974,411.1892622,421.75498,,257.1750026,411.1892622,421.75498,,402.63064,691.7477464,302.72834,,-396.28064,691.7477464,302.72834,,-250.8249974,411.1892622,1254.942,,257.1750026,411.1892622,1254.942,,-4.5357181,188.12174,10560.947,,-250.825,218.4792524,11.61130798,,257.175,218.4792524,11.61130798,,432.9902996,523.9263797,102.8997081,,-426.6402996,523.9263797,102.8997081,,3.175,428.0292524,262.3520879,
      87,q,0,0,0,1,0,0,0,1,0,0,0.866,0.5,0,0,0.866,0.5,0,0,0.7071,-0.7071,0,0,0.7071,-0.7071,0,0,0.866,0.5,0,0,0.866,0.5,   0.00043401406,  -0.00042897174,  -8.4709669e-05,      0.99999981,0,0,1,0,0,0,1,0,0,0,-0.4278,0.9039,0,0,0.4278,0.9039,0,0,-0.3827,0.9239
88,v,0,0,0,,0,-539.04,327.91,,-250.8249974,411.1892622,421.75498,,257.1750026,411.1892622,421.75498,,402.63064,691.7477464,302.72834,,-396.28064,691.7477464,302.72834,,-250.8249974,411.1892622,1254.942,,257.1750026,411.1892622,1254.942,,-4.5805160,188.09295,10560.947,,-250.825,218.4792524,11.61130798,,257.175,218.4792524,11.61130798,,432.9902996,523.9263797,102.8997081,,-426.6402996,523.9263797,102.8997081,,3.175,428.0292524,262.3520879,
      88,q,0,0,0,1,0,0,0,1,0,0,0.866,0.5,0,0,0.866,0.5,0,0,0.7071,-0.7071,0,0,0.7071,-0.7071,0,0,0.866,0.5,0,0,0.866,0.5,   0.00043673755,  -0.00043320914,  -8.3689186e-05,      0.99999981,0,0,1,0,0,0,1,0,0,0,-0.4278,0.9039,0,0,0.4278,0.9039,0,0,-0.3827,0.9239
89,v,0,0,0,,0,-539.04,327.91,,-250.8249974,411.1892622,421.75498,,257.1750026,411.1892622,421.75498,,402.63064,691.7477464,302.72834,,-396.28064,691.7477464,302.72834,,-250.8249974,411.1892622,1254.942,,257.1750026,411.1892622,1254.942,,-4.6223844,188.06646,10560.947,,-250.825,218.4792524,11.61130798,,257.175,218.4792524,11.61130798,,432.9902996,523.9263797,102.8997081,,-426.6402996,523.9263797,102.8997081,,3.175,428.0292524,262.3520879,
      89,q,0,0,0,1,0,0,0,1,0,0,0.866,0.5,0,0,0.866,0.5,0,0,0.7071,-0.7071,0,0,0.7071,-0.7071,0,0,0.866,0.5,0,0,0.866,0.5,   0.00043924366,  -0.00043716889,  -8.3999005e-05,      0.99999981,0,0,1,0,0,0,1,0,0,0,-0.4278,0.9039,0,0,0.4278,0.9039,0,0,-0.3827,0.9239
90,v,0,0,0,,0,-539.04,327.91,,-250.8249974,411.1892622,421.75498,,257.1750026,411.1892622,421.75498,,402.63064,691.7477464,302.72834,,-396.28064,691.7477464,302.72834,,-250.8249974,411.1892622,1254.942,,257.1750026,411.1892622,1254.942,,-4.6624828,188.04270,10560.947,,-250.825,218.4792524,11.61130798,,257.175,218.4792524,11.61130798,,432.9902996,523.9263797,102.8997081,,-426.6402996,523.9263797,102.8997081,,3.175,428.0292524,262.3520879,
      90,q,0,0,0,1,0,0,0,1,0,0,0.866,0.5,0,0,0.866,0.5,0,0,0.7071,-0.7071,0,0,0.7071,-0.7071,0,0,0.866,0.5,0,0,0.866,0.5,   0.00044149172,  -0.00044096092,  -8.5050665e-05,      0.99999981,0,0,1,0,0,0,1,0,0,0,-0.4278,0.9039,0,0,0.4278,0.9039,0,0,-0.3827,0.9239
91,v,0,0,0,,0,-539.04,327.91,,-250.8249974,411.1892622,421.75498,,257.1750026,411.1892622,421.75498,,402.63064,691.7477464,302.72834,,-396.28064,691.7477464,302.72834,,-250.8249974,411.1892622,1254.942,,257.1750026,411.1892622,1254.942,,-4.7000940,188.02156,10560.947,,-250.825,218.4792524,11.61130798,,257.175,218.4792524,11.61130798,,432.9902996,523.9263797,102.8997081,,-426.6402996,523.9263797,102.8997081,,3.175,428.0292524,262.3520879,
      91,q,0,0,0,1,0,0,0,1,0,0,0.866,0.5,0,0,0.866,0.5,0,0,0.7071,-0.7071,0,0,0.7071,-0.7071,0,0,0.866,0.5,0,0,0.866,0.5,   0.00044349174,  -0.00044451750,  -8.6613620e-05,      0.99999980,0,0,1,0,0,0,1,0,0,0,-0.4278,0.9039,0,0,0.4278,0.9039,0,0,-0.3827,0.9239
92,v,0,0,0,,0,-539.04,327.91,,-250.8249974,411.1892622,421.75498,,257.1750026,411.1892622,421.75498,,402.63064,691.7477464,302.72834,,-396.28064,691.7477464,302.72834,,-250.8249974,411.1892622,1254.942,,257.1750026,411.1892622,1254.942,,-4.7324107,188.00412,10560.947,,-250.825,218.4792524,11.61130798,,257.175,218.4792524,11.61130798,,432.9902996,523.9263797,102.8997081,,-426.6402996,523.9263797,102.8997081,,3.175,428.0292524,262.3520879,
      92,q,0,0,0,1,0,0,0,1,0,0,0.866,0.5,0,0,0.866,0.5,0,0,0.7071,-0.7071,0,0,0.7071,-0.7071,0,0,0.866,0.5,0,0,0.866,0.5,   0.00044514177,  -0.00044757400,  -8.6659217e-05,      0.99999980,0,0,1,0,0,0,1,0,0,0,-0.4278,0.9039,0,0,0.4278,0.9039,0,0,-0.3827,0.9239
93,v,0,0,0,,0,-539.04,327.91,,-250.8249974,411.1892622,421.75498,,257.1750026,411.1892622,421.75498,,402.63064,691.7477464,302.72834,,-396.28064,691.7477464,302.72834,,-250.8249974,411.1892622,1254.942,,257.1750026,411.1892622,1254.942,,-4.7605620,187.98962,10560.947,,-250.825,218.4792524,11.61130798,,257.175,218.4792524,11.61130798,,432.9902996,523.9263797,102.8997081,,-426.6402996,523.9263797,102.8997081,,3.175,428.0292524,262.3520879,
      93,q,0,0,0,1,0,0,0,1,0,0,0.866,0.5,0,0,0.866,0.5,0,0,0.7071,-0.7071,0,0,0.7071,-0.7071,0,0,0.866,0.5,0,0,0.866,0.5,   0.00044651329,  -0.00045023643,  -8.6930019e-05,      0.99999980,0,0,1,0,0,0,1,0,0,0,-0.4278,0.9039,0,0,0.4278,0.9039,0,0,-0.3827,0.9239
94,v,0,0,0,,0,-539.04,327.91,,-250.8249974,411.1892622,421.75498,,257.1750026,411.1892622,421.75498,,402.63064,691.7477464,302.72834,,-396.28064,691.7477464,302.72834,,-250.8249974,411.1892622,1254.942,,257.1750026,411.1892622,1254.942,,-4.7847461,187.97719,10560.947,,-250.825,218.4792524,11.61130798,,257.175,218.4792524,11.61130798,,432.9902996,523.9263797,102.8997081,,-426.6402996,523.9263797,102.8997081,,3.175,428.0292524,262.3520879,
      94,q,0,0,0,1,0,0,0,1,0,0,0.866,0.5,0,0,0.866,0.5,0,0,0.7071,-0.7071,0,0,0.7071,-0.7071,0,0,0.866,0.5,0,0,0.866,0.5,   0.00044769026,  -0.00045252333,  -8.7908071e-05,      0.99999980,0,0,1,0,0,0,1,0,0,0,-0.4278,0.9039,0,0,0.4278,0.9039,0,0,-0.3827,0.9239
95,v,0,0,0,,0,-539.04,327.91,,-250.8249974,411.1892622,421.75498,,257.1750026,411.1892622,421.75498,,402.63064,691.7477464,302.72834,,-396.28064,691.7477464,302.72834,,-250.8249974,411.1892622,1254.942,,257.1750026,411.1892622,1254.942,,-4.8068246,187.96774,10560.947,,-250.825,218.4792524,11.61130798,,257.175,218.4792524,11.61130798,,432.9902996,523.9263797,102.8997081,,-426.6402996,523.9263797,102.8997081,,3.175,428.0292524,262.3520879,
      95,q,0,0,0,1,0,0,0,1,0,0,0.866,0.5,0,0,0.866,0.5,0,0,0.7071,-0.7071,0,0,0.7071,-0.7071,0,0,0.866,0.5,0,0,0.866,0.5,   0.00044858397,  -0.00045461143,  -8.8131416e-05,      0.99999980,0,0,1,0,0,0,1,0,0,0,-0.4278,0.9039,0,0,0.4278,0.9039,0,0,-0.3827,0.9239
96,v,0,0,0,,0,-539.04,327.91,,-250.8249974,411.1892622,421.75498,,257.1750026,411.1892622,421.75498,,402.63064,691.7477464,302.72834,,-396.28064,691.7477464,302.72834,,-250.8249974,411.1892622,1254.942,,257.1750026,411.1892622,1254.942,,-4.8260193,187.95996,10560.947,,-250.825,218.4792524,11.61130798,,257.175,218.4792524,11.61130798,,432.9902996,523.9263797,102.8997081,,-426.6402996,523.9263797,102.8997081,,3.175,428.0292524,262.3520879,
      96,q,0,0,0,1,0,0,0,1,0,0,0.866,0.5,0,0,0.866,0.5,0,0,0.7071,-0.7071,0,0,0.7071,-0.7071,0,0,0.866,0.5,0,0,0.866,0.5,   0.00044932059,  -0.00045642653,  -8.8923063e-05,      0.99999979,0,0,1,0,0,0,1,0,0,0,-0.4278,0.9039,0,0,0.4278,0.9039,0,0,-0.3827,0.9239
97,v,0,0,0,,0,-539.04,327.91,,-250.8249974,411.1892622,421.75498,,257.1750026,411.1892622,421.75498,,402.63064,691.7477464,302.72834,,-396.28064,691.7477464,302.72834,,-250.8249974,411.1892622,1254.942,,257.1750026,411.1892622,1254.942,,-4.8436576,187.95457,10560.947,,-250.825,218.4792524,11.61130798,,257.175,218.4792524,11.61130798,,432.9902996,523.9263797,102.8997081,,-426.6402996,523.9263797,102.8997081,,3.175,428.0292524,262.3520879,
      97,q,0,0,0,1,0,0,0,1,0,0,0.866,0.5,0,0,0.866,0.5,0,0,0.7071,-0.7071,0,0,0.7071,-0.7071,0,0,0.866,0.5,0,0,0.866,0.5,   0.00044983035,  -0.00045809470,  -8.9150546e-05,      0.99999979,0,0,1,0,0,0,1,0,0,0,-0.4278,0.9039,0,0,0.4278,0.9039,0,0,-0.3827,0.9239
98,v,0,0,0,,0,-539.04,327.91,,-250.8249974,411.1892622,421.75498,,257.1750026,411.1892622,421.75498,,402.63064,691.7477464,302.72834,,-396.28064,691.7477464,302.72834,,-250.8249974,411.1892622,1254.942,,257.1750026,411.1892622,1254.942,,-4.8593277,187.95077,10560.947,,-250.825,218.4792524,11.61130798,,257.175,218.4792524,11.61130798,,432.9902996,523.9263797,102.8997081,,-426.6402996,523.9263797,102.8997081,,3.175,428.0292524,262.3520879,
      98,q,0,0,0,1,0,0,0,1,0,0,0.866,0.5,0,0,0.866,0.5,0,0,0.7071,-0.7071,0,0,0.7071,-0.7071,0,0,0.866,0.5,0,0,0.866,0.5,   0.00045019009,  -0.00045957660,  -8.9627378e-05,      0.99999979,0,0,1,0,0,0,1,0,0,0,-0.4278,0.9039,0,0,0.4278,0.9039,0,0,-0.3827,0.9239
99,v,0,0,0,,0,-539.04,327.91,,-250.8249974,411.1892622,421.75498,,257.1750026,411.1892622,421.75498,,402.63064,691.7477464,302.72834,,-396.28064,691.7477464,302.72834,,-250.8249974,411.1892622,1254.942,,257.1750026,411.1892622,1254.942,,-4.8737924,187.94889,10560.947,,-250.825,218.4792524,11.61130798,,257.175,218.4792524,11.61130798,,432.9902996,523.9263797,102.8997081,,-426.6402996,523.9263797,102.8997081,,3.175,428.0292524,262.3520879,
      99,q,0,0,0,1,0,0,0,1,0,0,0.866,0.5,0,0,0.866,0.5,0,0,0.7071,-0.7071,0,0,0.7071,-0.7071,0,0,0.866,0.5,0,0,0.866,0.5,   0.00045036780,  -0.00046094466,  -8.9761575e-05,      0.99999979,0,0,1,0,0,0,1,0,0,0,-0.4278,0.9039,0,0,0.4278,0.9039,0,0,-0.3827,0.9239
