# Average nuabs transmission probability		
		
IP LINLIN		
DP	1.70	0.48357828
DP	1.74	0.50192231
DP	1.78	0.51968421
DP	1.82	0.53677971
DP	1.86	0.55320310
DP	1.90	0.56906634
DP	1.94	0.58430285
DP	1.98	0.59890946
DP	2.02	0.61295268
DP	2.06	0.62645360
DP	2.10	0.63942328
DP	2.14	0.47372014
DP	2.18	0.48687118
DP	2.22	0.44470644
DP	2.26	0.45109696
DP	2.30	0.45729565
DP	2.34	0.46282049
DP	2.38	0.46739286
DP	2.42	0.47181350
DP	2.46	0.47786846
DP	2.50	0.48679091
DP	2.54	0.50048084
DP	2.58	0.51395419
DP	2.62	0.52704519
DP	2.66	0.50030576
DP	2.70	0.51245773
DP	2.74	0.52434645
DP	2.78	0.53620015
DP	2.82	0.54774054
DP	2.86	0.55887208
DP	2.90	0.56976246
DP	2.94	0.58015148
DP	2.98	0.59053605
DP	3.02	0.60234666
DP	3.06	0.59575260
DP	3.10	0.60532481
DP	3.14	0.61462038
DP	3.18	0.62368919
DP	3.22	0.63248484
DP	3.26	0.64102826
DP	3.30	0.63957320
DP	3.34	0.64766493
DP	3.38	0.65560846
DP	3.42	0.66335603
DP	3.46	0.67089094
DP	3.50	0.67823635
DP	3.54	0.64851655
DP	3.58	0.65556854
DP	3.62	0.66287831
DP	3.66	0.67008094
DP	3.70	0.67713443
DP	3.74	0.66620544
DP	3.78	0.67327161
DP	3.82	0.68004018
DP	3.86	0.68672165
DP	3.90	0.69322958
DP	3.94	0.69958269
DP	3.98	0.70575360
DP	4.02	0.70330268
DP	4.06	0.70927463
DP	4.10	0.71508843
DP	4.14	0.72074788
DP	4.18	0.72626205
DP	4.22	0.73163420
DP	4.26	0.73688073
DP	4.30	0.74200774
DP	4.34	0.72032015
DP	4.38	0.71727558
DP	4.42	0.72248400
DP	4.46	0.72762766
DP	4.50	0.73273868
DP	4.54	0.73777328
DP	4.58	0.74264814
DP	4.62	0.72988164
DP	4.66	0.73562666
DP	4.70	0.74040631
DP	4.74	0.74509719
DP	4.78	0.74970583
DP	4.82	0.75424701
DP	4.86	0.75868023
DP	4.90	0.76301368
DP	4.94	0.75904781
DP	4.98	0.76326198
DP	5.02	0.76738318
DP	5.06	0.77140708
DP	5.10	0.77533234
DP	5.14	0.77916083
DP	5.18	0.78289798
DP	5.22	0.78655169
DP	5.26	0.79013050
DP	5.30	0.79364018
DP	5.34	0.79708291
DP	5.38	0.80045833
DP	5.42	0.80376749
DP	5.46	0.80700395
DP	5.50	0.81017005
DP	5.54	0.81326781
DP	5.58	0.81629765
DP	5.62	0.81926116
DP	5.66	0.82217874
DP	5.70	0.82503780
DP	5.74	0.82784218
DP	5.78	0.83058920
DP	5.82	0.83328026
DP	5.86	0.83592171
DP	5.90	0.83850934
DP	5.94	0.84104479
DP	5.98	0.84352671
DP	6.02	0.84595735
DP	6.06	0.84833505
DP	6.10	0.85066398
DP	6.14	0.85294765
DP	6.18	0.85518615
DP	6.22	0.85738186
DP	6.26	0.85953665
DP	6.30	0.86164961
DP	6.34	0.86372238
DP	6.38	0.86575401
DP	6.42	0.86774518
DP	6.46	0.86969711
DP	6.50	0.87161026
DP	6.54	0.87348634
DP	6.58	0.87532563
DP	6.62	0.87712908
DP	6.66	0.87889763
DP	6.70	0.88063169
DP	6.74	0.88233266
DP	6.78	0.88400089
DP	6.82	0.88563816
DP	6.86	0.88724671
DP	6.90	0.88882589
DP	6.94	0.89037629
DP	6.98	0.89189791
DP	7.02	0.89339189
DP	7.06	0.89485790
DP	7.10	0.89630343
DP	7.14	0.89772766
DP	7.18	0.89912419
DP	7.22	0.90049303
DP	7.26	0.90183699
DP	7.30	0.90315711
DP	7.34	0.90445251
DP	7.38	0.90572413
DP	7.42	0.90697329
DP	7.46	0.90820091
DP	7.50	0.90940709
DP	7.54	0.91059059
DP	7.58	0.91175309
DP	7.62	0.91289639
DP	7.66	0.91401956
DP	7.70	0.91512344
DP	7.74	0.91620829
DP	7.78	0.91727609
DP	7.82	0.91832834
DP	7.86	0.91936316
DP	7.90	0.92038011
DP	7.94	0.92138019
DP	7.98	0.92236250
DP	8.02	0.92332813
DP	8.06	0.92427818
DP	8.10	0.92521279
DP	8.14	0.92613179
DP	8.18	0.92703595
DP	8.22	0.92792466
DP	8.26	0.92879858
DP	8.30	0.92965805
DP	8.34	0.93050370
DP	8.38	0.93133621
DP	8.42	0.93215536
DP	8.46	0.93296349
DP	8.50	0.93375884
DP	8.54	0.93454224
DP	8.58	0.93531306
DP	8.62	0.93607165
DP	8.66	0.93681725
DP	8.70	0.93755118
DP	8.74	0.93827333
DP	8.78	0.93898414
DP	8.82	0.93968340
DP	8.86	0.94037131
DP	8.90	0.94104854
DP	8.94	0.94171785
DP	8.98	0.94237796
DP	9.02	0.94302795
DP	9.06	0.94367005
DP	9.10	0.94430209
DP	9.14	0.94492506
DP	9.18	0.94553873
DP	9.22	0.94614344
DP	9.26	0.94673908
DP	9.30	0.94732586
DP	9.34	0.94790409
DP	9.38	0.94847340
DP	9.42	0.94903426
DP	9.46	0.94958703
DP	9.50	0.95013156
DP	9.54	0.95066843
DP	9.58	0.95119819
DP	9.62	0.95134334
DP	9.66	0.95129330
DP	9.70	0.95180889
DP	9.74	0.95231638
DP	9.78	0.95281668
DP	9.82	0.95330974
DP	9.86	0.95379596
DP	9.90	0.95427518
DP	9.94	0.95474725
DP	9.98	0.95521286
DP	10.02	0.95567224
DP	10.06	0.95612601
DP	10.10	0.95657318
DP	10.14	0.95701435
DP	10.18	0.95745033
DP	10.22	0.95788003
DP	10.26	0.95830488
DP	10.30	0.95872320
DP	10.34	0.95913570
DP	10.38	0.95954349
DP	10.42	0.95994500
DP	10.46	0.96034098
DP	10.50	0.96073145
DP	10.54	0.96111718
DP	10.58	0.96149851
DP	10.62	0.96187363
DP	10.66	0.96224434
DP	10.70	0.96261020
DP	10.74	0.96297049
DP	10.78	0.96332740
DP	10.82	0.96367875
DP	10.86	0.96402541
DP	10.90	0.96436831
DP	10.94	0.96470681
DP	10.98	0.96504153
DP	11.02	0.96537233
DP	11.06	0.96569815
DP	11.10	0.96602076
DP	11.14	0.96633844
DP	11.18	0.96665236
DP	11.22	0.96696245
DP	11.26	0.96726903
DP	11.30	0.96757198
DP	11.34	0.96787046
DP	11.38	0.96816651
DP	11.42	0.96845819
DP	11.46	0.96874694
DP	11.50	0.96903241
DP	11.54	0.96945603
DP	11.58	0.94567504
DP	11.62	0.94623621
DP	11.66	0.94674379
DP	11.70	0.94724768
DP	11.74	0.94773024
DP	11.78	0.94819403
DP	11.82	0.94865266
DP	11.86	0.94910501
DP	11.90	0.94955225
DP	11.94	0.94999436
DP	11.98	0.95043165
DP	12.02	0.95086286
DP	12.06	0.95128954
DP	12.10	0.95171055
DP	12.14	0.95212683
DP	12.18	0.95253874
DP	12.22	0.95294614
DP	12.26	0.95334816
DP	12.30	0.95374586
DP	12.34	0.95413828
DP	12.38	0.95452734
DP	12.42	0.95491050
DP	12.46	0.95529058
DP	12.50	0.95566569
DP	12.54	0.95603601
DP	12.58	0.95640318
DP	12.62	0.95676560
DP	12.66	0.95712428
DP	12.70	0.95747933
DP	12.74	0.95782978
DP	12.78	0.95817576
DP	12.82	0.95851881
DP	12.86	0.95885835
DP	12.90	0.95919740
DP	12.94	0.95953300
DP	12.98	0.95986439
DP	13.02	0.96019243
DP	13.06	0.96051646
DP	13.10	0.96083804
DP	13.14	0.96115568
DP	13.18	0.96146944
DP	13.22	0.96178049
DP	13.26	0.96209179
DP	13.30	0.96232770
DP	13.34	0.95250444
DP	13.38	0.95263263
DP	13.42	0.95300463
DP	13.46	0.95337333
DP	13.50	0.95373863
DP	13.54	0.95409895
DP	13.58	0.95445691
DP	13.62	0.95480978
DP	13.66	0.95515889
DP	13.70	0.95550124
DP	13.74	0.95583995
DP	13.78	0.95617463
DP	13.82	0.95652235
DP	13.86	0.95309938
DP	13.90	0.95198289
DP	13.94	0.95232259
DP	13.98	0.95266628
DP	14.02	0.95300673
DP	14.06	0.95334370
DP	14.10	0.95367699
DP	14.14	0.95400459
DP	14.18	0.95432858
DP	14.22	0.95464986
DP	14.26	0.95496791
DP	14.30	0.95528248
DP	14.34	0.95559446
DP	14.38	0.95590364
DP	14.42	0.95620979
DP	14.46	0.95651220
DP	14.50	0.95681403
DP	14.54	0.95711368
DP	14.58	0.95741031
DP	14.62	0.95770419
DP	14.66	0.95799454
DP	14.70	0.95828276
DP	14.74	0.95856811
DP	14.78	0.95885121
DP	14.82	0.95913224
DP	14.86	0.95941073
DP	14.90	0.95968471
DP	14.94	0.95995601
DP	14.98	0.96022508
DP	15.02	0.96049150
DP	15.06	0.96075538
DP	15.10	0.96101694
DP	15.14	0.96127559
DP	15.18	0.96153230
DP	15.22	0.96178663
DP	15.26	0.96203864
DP	15.30	0.96228831
DP	15.34	0.96253595
DP	15.38	0.96278164
DP	15.42	0.96302593
DP	15.46	0.96326903
DP	15.50	0.96351045
DP	15.54	0.96375144
DP	15.58	0.96399005
DP	15.62	0.96422663
DP	15.66	0.96446091
DP	15.70	0.96469306
DP	15.74	0.96492339
DP	15.78	0.96515154
DP	15.82	0.96537755
DP	15.86	0.96560114
DP	15.90	0.96582300
DP	15.94	0.96604304
DP	15.98	0.96626115
DP	16.02	0.96647724
DP	16.06	0.96669148
DP	16.10	0.96690389
DP	16.14	0.96711440
DP	16.18	0.96732309
DP	16.22	0.96753001
DP	16.26	0.96773483
DP	16.30	0.96793791
DP	16.34	0.96813926
DP	16.38	0.96833891
DP	16.42	0.96853688
DP	16.46	0.96873349
DP	16.50	0.96892795
DP	16.54	0.96912071
DP	16.58	0.96931194
DP	16.62	0.96950200
DP	16.66	0.96969000
DP	16.70	0.96987648
DP	16.74	0.97006144
DP	16.78	0.97024478
DP	16.82	0.97042601
DP	16.86	0.97060578
DP	16.90	0.97078381
DP	16.94	0.97096028
DP	16.98	0.97113543
DP	17.02	0.97131038
DP	17.06	0.97148348
DP	17.10	0.97165491
DP	17.14	0.97182551
DP	17.18	0.97199430
DP	17.22	0.97216188
DP	17.26	0.97232815
DP	17.30	0.97249330
DP	17.34	0.97265670
DP	17.38	0.97281925
DP	17.42	0.97298014
DP	17.46	0.97313965
DP	17.50	0.97329793
DP	17.54	0.97345490
DP	17.58	0.97361101
DP	17.62	0.97376621
DP	17.66	0.97392005
DP	17.70	0.97407314
DP	17.74	0.97422459
DP	17.78	0.97437473
DP	17.82	0.97452419
DP	17.86	0.97467209
DP	17.90	0.97481881
DP	17.94	0.97496454
DP	17.98	0.97510899
DP	18.02	0.97525251
DP	18.06	0.97539473
DP	18.10	0.97553556
DP	18.14	0.97567540
DP	18.18	0.97581430
DP	18.22	0.97595181
DP	18.26	0.97608868
DP	18.30	0.97622425
DP	18.34	0.97635860
DP	18.38	0.97649214
DP	18.42	0.97662469
DP	18.46	0.97675678
DP	18.50	0.97688803
DP	18.54	0.97701804
DP	18.58	0.97714753
DP	18.62	0.97727551
DP	18.66	0.97740281
DP	18.70	0.97752894
DP	18.74	0.97765410
DP	18.78	0.97777834
DP	18.82	0.97790179
DP	18.86	0.97802414
DP	18.90	0.97814559
DP	18.94	0.97826606
DP	18.98	0.97838576
DP	19.02	0.97850454
DP	19.06	0.97862256
DP	19.10	0.97873936
DP	19.14	0.97885535
DP	19.18	0.97897065
DP	19.22	0.97908479
DP	19.26	0.97919831
DP	19.30	0.97931083
DP	19.34	0.97942273
DP	19.38	0.97953364
DP	19.42	0.97964359
DP	19.46	0.97975301
DP	19.50	0.97986169
DP	19.54	0.97996984
DP	19.58	0.98007724
DP	19.62	0.98018386
DP	19.66	0.98028995
DP	19.70	0.98039514
DP	19.74	0.98049935
DP	19.78	0.98060269
DP	19.82	0.98070553
DP	19.86	0.98080754
DP	19.90	0.98090870
DP	19.94	0.98100938
DP	19.98	0.98110915
DP	20.02	0.98120813
DP	20.06	0.98130659
DP	20.10	0.98140434
DP	20.14	0.98150109
DP	20.18	0.98159756
DP	20.22	0.98169325
DP	20.26	0.98178814
DP	20.30	0.98188249
DP	20.34	0.98197594
DP	20.38	0.98206898
DP	20.42	0.98216131
DP	20.46	0.98225275
DP	20.50	0.98234381
DP	20.54	0.98243398
DP	20.58	0.98252371
DP	20.62	0.98261294
DP	20.66	0.98270116
DP	20.70	0.98278898
DP	20.74	0.98287619
DP	20.78	0.98296256
DP	20.82	0.98304858
DP	20.86	0.98313404
DP	20.90	0.98321855
DP	20.94	0.98330281
DP	20.98	0.98338634
DP	21.02	0.98346936
DP	21.06	0.98355179
DP	21.10	0.98363363
DP	21.14	0.98371499
DP	21.18	0.98379568
DP	21.22	0.98387596
DP	21.26	0.98395561
DP	21.30	0.98403465
DP	21.34	0.98411338
DP	21.38	0.98419138
DP	21.42	0.98426895
DP	21.46	0.98434586
DP	21.50	0.98442230
DP	21.54	0.98449828
DP	21.58	0.98457380
DP	21.62	0.98464860
DP	21.66	0.98472314
DP	21.70	0.98479701
DP	21.74	0.98487026
DP	21.78	0.98494328
DP	21.82	0.98501561
DP	21.86	0.98508765
DP	21.90	0.98515913
DP	21.94	0.98522998
DP	21.98	0.98530048
DP	22.02	0.98537068
DP	22.06	0.98544003
DP	22.10	0.98550921
DP	22.14	0.98557801
DP	22.18	0.98564753
DP	22.22	0.98571634
DP	22.26	0.98578461
DP	22.30	0.98585256
DP	22.34	0.98592011
DP	22.38	0.98598718
DP	22.42	0.98605380
DP	22.46	0.98611989
DP	22.50	0.98618559
DP	22.54	0.98625090
DP	22.58	0.98631579
DP	22.62	0.98638015
DP	22.66	0.98644418
DP	22.70	0.98650781
DP	22.74	0.98657116
DP	22.78	0.98663379
DP	22.82	0.98669624
DP	22.86	0.98675830
DP	22.90	0.98681996
DP	22.94	0.98688105
DP	22.98	0.98694205
DP	23.02	0.98700233
DP	23.06	0.98706248
DP	23.10	0.98712224
DP	23.14	0.98718145
DP	23.18	0.98724044
DP	23.22	0.98729898
DP	23.26	0.98735704
DP	23.30	0.98741494
DP	23.34	0.98747229
DP	23.38	0.98752935
DP	23.42	0.98758604
DP	23.46	0.98764236
DP	23.50	0.98769845
DP	23.54	0.98775416
DP	23.58	0.98780946
DP	23.62	0.98786449
DP	23.66	0.98791921
DP	23.70	0.98797350
DP	23.74	0.98802751
DP	23.78	0.98808110
DP	23.82	0.98813431
DP	23.86	0.98818736
DP	23.90	0.98823996
DP	23.94	0.98829221
DP	23.98	0.98834428
DP	24.02	0.98839593
DP	24.06	0.98844735
DP	24.10	0.98849839
DP	24.14	0.98854911
DP	24.18	0.98859946
DP	24.22	0.98864960
DP	24.26	0.98869944
DP	24.30	0.98874885
DP	24.34	0.98879811
DP	24.38	0.98884699
DP	24.42	0.98889568
DP	24.46	0.98894404
DP	24.50	0.98899205
DP	24.54	0.98903976
DP	24.58	0.98908725
DP	24.62	0.98913444
DP	24.66	0.98918129
DP	24.70	0.98922791
DP	24.74	0.98927428
DP	24.78	0.98932029
DP	24.82	0.98936615
DP	24.86	0.98941161
DP	24.90	0.98945681
DP	24.94	0.98950183
DP	24.98	0.98954649
DP	25.02	0.98959099
DP	25.06	0.98963514
DP	25.10	0.98967905
DP	25.14	0.98972268
DP	25.18	0.98976610
DP	25.22	0.98980929
DP	25.26	0.98985230
DP	25.30	0.98989501
DP	25.34	0.98993744
DP	25.38	0.98997959
DP	25.42	0.99002155
DP	25.46	0.99006359
DP	25.50	0.99010521
DP	25.54	0.99014669
DP	25.58	0.99018799
DP	25.62	0.99022893
DP	25.66	0.99026969
DP	25.70	0.99031021
DP	25.74	0.99035050
DP	25.78	0.99039066
DP	25.82	0.99043053
DP	25.86	0.99047021
DP	25.90	0.99050966
DP	25.94	0.99054886
DP	25.98	0.99058783
DP	26.02	0.99062659
DP	26.06	0.99066511
DP	26.10	0.99070344
DP	26.14	0.99074154
DP	26.18	0.99077938
DP	26.22	0.99081711
DP	26.26	0.99085450
DP	26.30	0.99089185
DP	26.34	0.99092879
DP	26.38	0.99096563
DP	26.42	0.99100233
DP	26.46	0.99103869
DP	26.50	0.99107490
DP	26.54	0.99111098
DP	26.58	0.99114816
DP	26.62	0.99120454
DP	26.66	0.99145853
DP	26.70	0.98811406
DP	26.74	0.98840759
DP	26.78	0.98845473
DP	26.82	0.98849676
DP	26.86	0.98854026
DP	26.90	0.98858389
DP	26.94	0.98862718
DP	26.98	0.98867025
DP	27.02	0.98871320
DP	27.06	0.98875580
DP	27.10	0.98879824
DP	27.14	0.98884056
DP	27.18	0.98888246
DP	27.22	0.98892425
DP	27.26	0.98896586
DP	27.30	0.98900713
DP	27.34	0.98904834
DP	27.38	0.98908920
DP	27.42	0.98913090
DP	27.46	0.98917320
DP	27.50	0.98921548
DP	27.54	0.98925734
DP	27.58	0.98929906
DP	27.62	0.98934068
DP	27.66	0.98938185
DP	27.70	0.98942301
DP	27.74	0.98946384
DP	27.78	0.98950440
DP	27.82	0.98954491
DP	27.86	0.98958509
DP	27.90	0.98962525
DP	27.94	0.98966523
DP	27.98	0.98970495
DP	28.02	0.98974409
DP	28.06	0.98978256
DP	28.10	0.98982085
DP	28.14	0.98985898
DP	28.18	0.98989690
DP	28.22	0.98993455
DP	28.26	0.98997206
DP	28.30	0.99000935
DP	28.34	0.99004645
DP	28.38	0.99008338
DP	28.42	0.99012011
DP	28.46	0.99015674
DP	28.50	0.99019301
DP	28.54	0.99022926
DP	28.58	0.99026521
DP	28.62	0.99030105
DP	28.66	0.99033663
DP	28.70	0.99037215
DP	28.74	0.99040741
DP	28.78	0.99044249
DP	28.82	0.99047734
DP	28.86	0.99051240
DP	28.90	0.99054753
DP	28.94	0.99058256
DP	28.98	0.99061736
DP	29.02	0.99065196
DP	29.06	0.99068645
DP	29.10	0.99072075
DP	29.14	0.99075481
DP	29.18	0.99078870
DP	29.22	0.99082244
DP	29.26	0.99085600
DP	29.30	0.99088948
DP	29.34	0.99092270
DP	29.38	0.99095578
DP	29.42	0.99098873
DP	29.46	0.99102149
DP	29.50	0.99105405
DP	29.54	0.99108646
DP	29.58	0.99111878
DP	29.62	0.99115089
DP	29.66	0.99118290
DP	29.70	0.99121469
DP	29.74	0.99124635
DP	29.78	0.99127784
DP	29.82	0.99130916
DP	29.86	0.99134035
DP	29.90	0.99137136
DP	29.94	0.99140225
DP	29.98	0.99143301
DP	30.02	0.99146355
DP	30.06	0.99149400
DP	30.10	0.99152434
DP	30.14	0.99155445
DP	30.18	0.99158446
DP	30.22	0.99161436
DP	30.26	0.99164403
DP	30.30	0.99167360
DP	30.34	0.99170301
DP	30.38	0.99173234
DP	30.42	0.99176150
DP	30.46	0.99179049
DP	30.50	0.99181931
DP	30.54	0.99184805
DP	30.58	0.99187663
DP	30.62	0.99190504
DP	30.66	0.99193333
DP	30.70	0.99196153
DP	30.74	0.99198950
DP	30.78	0.99201739
DP	30.82	0.99204521
DP	30.86	0.99207280
DP	30.90	0.99210030
DP	30.94	0.99212755
DP	30.98	0.99215458
DP	31.02	0.99218156
DP	31.06	0.99220841
DP	31.10	0.99223509
DP	31.14	0.99226166
DP	31.18	0.99228818
DP	31.22	0.99231448
DP	31.26	0.99234069
DP	31.30	0.99236679
DP	31.34	0.99239270
DP	31.38	0.99241855
DP	31.42	0.99244430
DP	31.46	0.99246988
DP	31.50	0.99249534
DP	31.54	0.99252075
DP	31.58	0.99254596
DP	31.62	0.99257109
DP	31.66	0.99259578
DP	31.70	0.99261941
DP	31.74	0.99266599
DP	31.78	0.99278025
DP	31.82	0.99072301
DP	31.86	0.99014378
DP	31.90	0.99009940
DP	31.94	0.99014078
DP	31.98	0.99017424
DP	32.02	0.99020598
DP	32.06	0.99023759
DP	32.10	0.99026914
DP	32.14	0.99030059
DP	32.18	0.99033188
DP	32.22	0.99036300
DP	32.26	0.99039396
DP	32.30	0.99042486
DP	32.34	0.99045558
DP	32.38	0.99048613
DP	32.42	0.99051668
DP	32.46	0.99054704
DP	32.50	0.99057731
DP	32.54	0.99060740
DP	32.58	0.99063739
DP	32.62	0.99066723
DP	32.66	0.99069696
DP	32.70	0.99072654
DP	32.74	0.99075598
DP	32.78	0.99078524
DP	32.82	0.99081491
DP	32.86	0.99084491
DP	32.90	0.99087480
DP	32.94	0.99090449
DP	32.98	0.99093409
DP	33.02	0.99096346
DP	33.06	0.99099288
DP	33.10	0.99102203
DP	33.14	0.99105101
DP	33.18	0.99108003
DP	33.22	0.99110875
DP	33.26	0.99113744
DP	33.30	0.99116596
DP	33.34	0.99119438
DP	33.38	0.99122266
DP	33.42	0.99125081
DP	33.46	0.99127886
DP	33.50	0.99130671
DP	33.54	0.99133381
DP	33.58	0.99136079
DP	33.62	0.99138763
DP	33.66	0.99141434
DP	33.70	0.99144094
DP	33.74	0.99146746
DP	33.78	0.99149385
DP	33.82	0.99152008
DP	33.86	0.99154628
DP	33.90	0.99157230
DP	33.94	0.99159824
DP	33.98	0.99162404
DP	34.02	0.99164974
DP	34.06	0.99167534
DP	34.10	0.99170085
DP	34.14	0.99172623
DP	34.18	0.99175149
DP	34.22	0.99177671
DP	34.26	0.99180175
DP	34.30	0.99182675
DP	34.34	0.99185158
DP	34.38	0.99187634
DP	34.42	0.99190098
DP	34.46	0.99192558
DP	34.50	0.99195004
DP	34.54	0.99197438
DP	34.58	0.99199861
DP	34.62	0.99202279
DP	34.66	0.99204678
DP	34.70	0.99207101
DP	34.74	0.99209526
DP	34.78	0.99211945
DP	34.82	0.99214348
DP	34.86	0.99216750
DP	34.90	0.99219131
DP	34.94	0.99221511
DP	34.98	0.99223873
DP	35.02	0.99226234
DP	35.06	0.99228600
DP	35.10	0.99230956
DP	35.14	0.99233301
DP	35.18	0.99235635
DP	35.22	0.99237959
DP	35.26	0.99240276
DP	35.30	0.99242581
DP	35.34	0.99244873
DP	35.38	0.99247164
DP	35.42	0.99249441
DP	35.46	0.99251705
DP	35.50	0.99253964
DP	35.54	0.99256215
DP	35.58	0.99258455
DP	35.62	0.99260686
DP	35.66	0.99262905
DP	35.70	0.99265120
DP	35.74	0.99267324
DP	35.78	0.99269515
DP	35.82	0.99271701
DP	35.86	0.99273876
DP	35.90	0.99276045
DP	35.94	0.99278211
DP	35.98	0.99280361
DP	36.02	0.99282509
DP	36.06	0.99284651
DP	36.10	0.99286775
DP	36.14	0.99288901
DP	36.18	0.99291015
DP	36.22	0.99293116
DP	36.26	0.99295209
DP	36.30	0.99297298
DP	36.34	0.99299374
DP	36.38	0.99301441
DP	36.42	0.99303501
DP	36.46	0.99305554
DP	36.50	0.99307596
DP	36.54	0.99309634
DP	36.58	0.99311660
DP	36.62	0.99313680
DP	36.66	0.99315693
DP	36.70	0.99317696
DP	36.74	0.99319693
DP	36.78	0.99321678
DP	36.82	0.99323656
DP	36.86	0.99325624
DP	36.90	0.99327591
DP	36.94	0.99329545
DP	36.98	0.99331495
DP	37.02	0.99333430
DP	37.06	0.99335363
DP	37.10	0.99337289
DP	37.14	0.99339205
DP	37.18	0.99341114
DP	37.22	0.99343013
DP	37.26	0.99344910
DP	37.30	0.99346798
DP	37.34	0.99348674
DP	37.38	0.99350550
DP	37.42	0.99352414
DP	37.46	0.99354270
DP	37.50	0.99356119
DP	37.54	0.99357960
DP	37.58	0.99359798
DP	37.62	0.99361618
DP	37.66	0.99363429
DP	37.70	0.99365231
DP	37.74	0.99367024
DP	37.78	0.99368820
DP	37.82	0.99370600
DP	37.86	0.99372380
DP	37.90	0.99374150
DP	37.94	0.99375909
DP	37.98	0.99377668
DP	38.02	0.99379419
DP	38.06	0.99381156
DP	38.10	0.99382894
DP	38.14	0.99384624
DP	38.18	0.99386343
DP	38.22	0.99388061
DP	38.26	0.99389771
DP	38.30	0.99391470
DP	38.34	0.99393166
DP	38.38	0.99394856
DP	38.42	0.99396543
DP	38.46	0.99398220
DP	38.50	0.99399886
DP	38.54	0.99401549
DP	38.58	0.99403206
DP	38.62	0.99404858
DP	38.66	0.99406500
DP	38.70	0.99408141
DP	38.74	0.99409771
DP	38.78	0.99411394
DP	38.82	0.99413013
DP	38.86	0.99414626
DP	38.90	0.99416235
DP	38.94	0.99417835
DP	38.98	0.99419431
DP	39.02	0.99421019
DP	39.06	0.99422605
DP	39.10	0.99424181
DP	39.14	0.99425753
DP	39.18	0.99427318
DP	39.22	0.99428878
DP	39.26	0.99430429
DP	39.30	0.99431976
DP	39.34	0.99433518
DP	39.38	0.99435056
DP	39.42	0.99436586
DP	39.46	0.99438110
DP	39.50	0.99439636
DP	39.54	0.99441144
DP	39.58	0.99442659
DP	39.62	0.99444161
DP	39.66	0.99445656
DP	39.70	0.99447149
DP	39.74	0.99448635
DP	39.78	0.99450115
DP	39.82	0.99451589
DP	39.86	0.99453061
DP	39.90	0.99454524
DP	39.94	0.99455981
DP	39.98	0.99457435
DP	40.02	0.99458885
DP	40.06	0.99460329
DP	40.10	0.99461765
DP	40.14	0.99463196
DP	40.18	0.99464625
DP	40.22	0.99466046
DP	40.26	0.99467464
DP	40.30	0.99468873
DP	40.34	0.99470284
DP	40.38	0.99471684
DP	40.42	0.99473085
DP	40.46	0.99474480
DP	40.50	0.99475869
DP	40.54	0.99477253
DP	40.58	0.99478628
DP	40.62	0.99480001
DP	40.66	0.99481369
DP	40.70	0.99482734
DP	40.74	0.99484091
DP	40.78	0.99485453
DP	40.82	0.99486806
DP	40.86	0.99488155
DP	40.90	0.99489498
DP	40.94	0.99490838
DP	40.98	0.99492169
DP	41.02	0.99493505
DP	41.06	0.99494829
DP	41.10	0.99496146
DP	41.14	0.99497468
DP	41.18	0.99498773
DP	41.22	0.99500083
DP	41.26	0.99501381
DP	41.30	0.99502680
DP	41.34	0.99503970
DP	41.38	0.99505259
DP	41.42	0.99506545
DP	41.46	0.99507820
DP	41.50	0.99509094
DP	41.54	0.99510373
DP	41.58	0.99511648
DP	41.62	0.99512916
DP	41.66	0.99514181
DP	41.70	0.99515446
DP	41.74	0.99516700
DP	41.78	0.99517948
DP	41.82	0.99519198
DP	41.86	0.99520443
DP	41.90	0.99521679
DP	41.94	0.99522911
DP	41.98	0.99524139
DP	42.02	0.99525364
DP	42.06	0.99526586
DP	42.10	0.99527800
DP	42.14	0.99529013
DP	42.18	0.99530221
DP	42.22	0.99531426
DP	42.26	0.99532625
DP	42.30	0.99533820
DP	42.34	0.99535010
DP	42.38	0.99536196
DP	42.42	0.99537379
DP	42.46	0.99538560
DP	42.50	0.99539729
DP	42.54	0.99540904
DP	42.58	0.99542069
DP	42.62	0.99543234
DP	42.66	0.99544391
DP	42.70	0.99545544
DP	42.74	0.99546693
DP	42.78	0.99547841
DP	42.82	0.99548983
DP	42.86	0.99550123
DP	42.90	0.99551254
DP	42.94	0.99552386
DP	42.98	0.99553509
DP	43.02	0.99554635
DP	43.06	0.99555753
DP	43.10	0.99556868
DP	43.14	0.99557975
DP	43.18	0.99559090
DP	43.22	0.99560195
DP	43.26	0.99561300
DP	43.30	0.99562401
DP	43.34	0.99563500
DP	43.38	0.99564595
DP	43.42	0.99565683
DP	43.46	0.99566770
DP	43.50	0.99567851
DP	43.54	0.99568931
DP	43.58	0.99570008
DP	43.62	0.99571079
DP	43.66	0.99572146
DP	43.70	0.99573209
DP	43.74	0.99574270
DP	43.78	0.99575328
DP	43.82	0.99576380
DP	43.86	0.99577428
DP	43.90	0.99578475
DP	43.94	0.99579518
DP	43.98	0.99580556
DP	44.02	0.99581594
DP	44.06	0.99582625
DP	44.10	0.99583653
DP	44.14	0.99584676
DP	44.18	0.99585699
DP	44.22	0.99586716
DP	44.26	0.99587733
DP	44.30	0.99588744
DP	44.34	0.99589749
DP	44.38	0.99590754
DP	44.42	0.99591755
DP	44.46	0.99592754
DP	44.50	0.99593749
DP	44.54	0.99594739
DP	44.58	0.99595724
DP	44.62	0.99596709
DP	44.66	0.99597690
DP	44.70	0.99598666
DP	44.74	0.99599641
DP	44.78	0.99600611
DP	44.82	0.99601580
DP	44.86	0.99602545
DP	44.90	0.99603506
DP	44.94	0.99604464
DP	44.98	0.99605419
DP	45.02	0.99606371
DP	45.06	0.99607318
DP	45.10	0.99608266
DP	45.14	0.99609208
DP	45.18	0.99610146
DP	45.22	0.99611084
DP	45.26	0.99612016
DP	45.30	0.99612950
DP	45.34	0.99613875
DP	45.38	0.99614799
DP	45.42	0.99615721
DP	45.46	0.99616639
DP	45.50	0.99617553
DP	45.54	0.99618464
DP	45.58	0.99619374
DP	45.62	0.99620280
DP	45.66	0.99621185
DP	45.70	0.99622084
DP	45.74	0.99622980
DP	45.78	0.99623875
DP	45.82	0.99624765
DP	45.86	0.99625655
DP	45.90	0.99626541
DP	45.94	0.99627424
DP	45.98	0.99628305
DP	46.02	0.99629180
DP	46.06	0.99630054
DP	46.10	0.99630926
DP	46.14	0.99631795
DP	46.18	0.99632663
DP	46.22	0.99633523
DP	46.26	0.99634385
DP	46.30	0.99635243
DP	46.34	0.99636099
DP	46.38	0.99636950
DP	46.42	0.99637800
DP	46.46	0.99638648
DP	46.50	0.99639489
DP	46.54	0.99640333
DP	46.58	0.99641170
DP	46.62	0.99642004
DP	46.66	0.99642836
DP	46.70	0.99643666
DP	46.74	0.99644498
DP	46.78	0.99645323
DP	46.82	0.99646144
DP	46.86	0.99646964
DP	46.90	0.99647780
DP	46.94	0.99648596
DP	46.98	0.99649408
DP	47.02	0.99650218
DP	47.06	0.99651025
DP	47.10	0.99651829
DP	47.14	0.99652630
DP	47.18	0.99653431
DP	47.22	0.99654229
DP	47.26	0.99655024
DP	47.30	0.99655814
DP	47.34	0.99656605
DP	47.38	0.99657398
DP	47.42	0.99658188
DP	47.46	0.99658974
DP	47.50	0.99659758
DP	47.54	0.99660539
DP	47.58	0.99661319
DP	47.62	0.99662093
DP	47.66	0.99662868
DP	47.70	0.99663641
DP	47.74	0.99664409
DP	47.78	0.99665176
DP	47.82	0.99665941
DP	47.86	0.99666706
DP	47.90	0.99667461
DP	47.94	0.99668220
DP	47.98	0.99668978
DP	48.02	0.99669729
DP	48.06	0.99670479
DP	48.10	0.99671226
DP	48.14	0.99671973
DP	48.18	0.99672718
DP	48.22	0.99673460
DP	48.26	0.99674196
DP	48.30	0.99674934
DP	48.34	0.99675669
DP	48.38	0.99676400
DP	48.42	0.99677131
DP	48.46	0.99677858
DP	48.50	0.99678581
DP	48.54	0.99679305
DP	48.58	0.99680025
DP	48.62	0.99680749
DP	48.66	0.99681463
DP	48.70	0.99682178
DP	48.74	0.99682889
DP	48.78	0.99683600
DP	48.82	0.99684310
DP	48.86	0.99685014
DP	48.90	0.99685716
DP	48.94	0.99686419
DP	48.98	0.99687114
DP	49.02	0.99687814
DP	49.06	0.99688510
DP	49.10	0.99689201
DP	49.14	0.99689893
DP	49.18	0.99690578
DP	49.22	0.99691266
DP	49.26	0.99691950
DP	49.30	0.99692630
DP	49.34	0.99693314
DP	49.38	0.99693989
DP	49.42	0.99694664
DP	49.46	0.99695339
DP	49.50	0.99696010
DP	49.54	0.99696685
DP	49.58	0.99697349
DP	49.62	0.99698016
DP	49.66	0.99698680
DP	49.70	0.99699343
DP	49.74	0.99700001
DP	49.78	0.99700660
DP	49.82	0.99701315
DP	49.86	0.99701969
DP	49.90	0.99702619
DP	49.94	0.99703270
DP	49.98	0.99703920
DP	50.02	0.99704568
DP	50.06	0.99705214
DP	50.10	0.99705855
DP	50.14	0.99706498
DP	50.18	0.99707140
DP	50.22	0.99707778
DP	50.26	0.99708411
DP	50.30	0.99709049
DP	50.34	0.99709681
DP	50.38	0.99710310
DP	50.42	0.99710941
DP	50.46	0.99711569
DP	50.50	0.99712196
DP	50.54	0.99712819
DP	50.58	0.99713440
DP	50.62	0.99714060
DP	50.66	0.99714678
DP	50.70	0.99715295
DP	50.74	0.99715911
DP	50.78	0.99716525
DP	50.82	0.99717140
DP	50.86	0.99717753
DP	50.90	0.99718363
DP	50.94	0.99718971
DP	50.98	0.99719579
DP	51.02	0.99720181
DP	51.06	0.99720785
DP	51.10	0.99721384
DP	51.14	0.99721984
DP	51.18	0.99722581
DP	51.22	0.99723176
DP	51.26	0.99723771
DP	51.30	0.99724363
DP	51.34	0.99724953
DP	51.38	0.99725541
DP	51.42	0.99726130
DP	51.46	0.99726713
DP	51.50	0.99727299
DP	51.54	0.99727878
DP	51.58	0.99728459
DP	51.62	0.99729035
DP	51.66	0.99729614
DP	51.70	0.99730188
DP	51.74	0.99730761
DP	51.78	0.99731333
DP	51.82	0.99731905
DP	51.86	0.99732473
DP	51.90	0.99733039
DP	51.94	0.99733603
DP	51.98	0.99734166
DP	52.02	0.99734729
DP	52.06	0.99735289
DP	52.10	0.99735846
DP	52.14	0.99736405
DP	52.18	0.99736960
DP	52.22	0.99737514
DP	52.26	0.99738065
DP	52.30	0.99738618
DP	52.34	0.99739166
DP	52.38	0.99739713
DP	52.42	0.99740261
DP	52.46	0.99740804
DP	52.50	0.99741348
DP	52.54	0.99741889
DP	52.58	0.99742429
DP	52.62	0.99742968
DP	52.66	0.99743505
DP	52.70	0.99744041
DP	52.74	0.99744575
DP	52.78	0.99745109
DP	52.82	0.99745638
DP	52.86	0.99746166
DP	52.90	0.99746699
DP	52.94	0.99747224
DP	52.98	0.99747749
DP	53.02	0.99748271
DP	53.06	0.99748795
DP	53.10	0.99749314
DP	53.14	0.99749835
DP	53.18	0.99750351
DP	53.22	0.99750868
DP	53.26	0.99751383
DP	53.30	0.99751898
DP	53.34	0.99752406
DP	53.38	0.99752919
DP	53.42	0.99753428
DP	53.46	0.99753934
DP	53.50	0.99754441
DP	53.54	0.99754946
DP	53.58	0.99755449
DP	53.62	0.99755953
DP	53.66	0.99756453
DP	53.70	0.99756950
DP	53.74	0.99757449
DP	53.78	0.99757946
DP	53.82	0.99758438
DP	53.86	0.99758935
DP	53.90	0.99759425
DP	53.94	0.99759915
DP	53.98	0.99760405
DP	54.02	0.99760893
DP	54.06	0.99761381
DP	54.10	0.99761864
DP	54.14	0.99762351
DP	54.18	0.99762833
DP	54.22	0.99763315
DP	54.26	0.99763791
DP	54.30	0.99764274
DP	54.34	0.99764750
DP	54.38	0.99765228
DP	54.42	0.99765701
DP	54.46	0.99766173
DP	54.50	0.99766646
DP	54.54	0.99767116
DP	54.58	0.99767585
DP	54.62	0.99768054
DP	54.66	0.99768524
DP	54.70	0.99768988
DP	54.74	0.99769451
DP	54.78	0.99769913
DP	54.82	0.99770378
DP	54.86	0.99770838
DP	54.90	0.99771295
DP	54.94	0.99771755
DP	54.98	0.99772213
DP	55.02	0.99772666
DP	55.06	0.99773120
DP	55.10	0.99773575
DP	55.14	0.99774024
DP	55.18	0.99774478
DP	55.22	0.99774926
DP	55.26	0.99775373
DP	55.30	0.99775823
DP	55.34	0.99776266
DP	55.38	0.99776710
DP	55.42	0.99777154
DP	55.46	0.99777595
DP	55.50	0.99778035
DP	55.54	0.99778476
DP	55.58	0.99778916
DP	55.62	0.99779353
DP	55.66	0.99779788
DP	55.70	0.99780223
DP	55.74	0.99780656
DP	55.78	0.99781086
DP	55.82	0.99781521
DP	55.86	0.99781950
DP	55.90	0.99782379
DP	55.94	0.99782808
DP	55.98	0.99783235
DP	56.02	0.99783660
DP	56.06	0.99784085
DP	56.10	0.99784509
DP	56.14	0.99784929
DP	56.18	0.99785353
DP	56.22	0.99785770
DP	56.26	0.99786191
DP	56.30	0.99786608
DP	56.34	0.99787025
DP	56.38	0.99787440
DP	56.42	0.99787854
DP	56.46	0.99788266
DP	56.50	0.99788679
DP	56.54	0.99789091
DP	56.58	0.99789503
DP	56.62	0.99789909
DP	56.66	0.99790318
DP	56.70	0.99790724
DP	56.74	0.99791131
DP	56.78	0.99791534
DP	56.82	0.99791939
DP	56.86	0.99792340
DP	56.90	0.99792741
DP	56.94	0.99793145
DP	56.98	0.99793543
DP	57.02	0.99793945
DP	57.06	0.99794340
DP	57.10	0.99794739
DP	57.14	0.99795134
DP	57.18	0.99795529
DP	57.22	0.99795923
DP	57.26	0.99796316
DP	57.30	0.99796709
DP	57.34	0.99797099
DP	57.38	0.99797488
DP	57.42	0.99797878
DP	57.46	0.99798268
DP	57.50	0.99798653
DP	57.54	0.99799038
DP	57.58	0.99799423
DP	57.62	0.99799808
DP	57.66	0.99800190
DP	57.70	0.99800570
DP	57.74	0.99800953
DP	57.78	0.99801331
DP	57.82	0.99801713
DP	57.86	0.99802088
DP	57.90	0.99802465
DP	57.94	0.99802841
DP	57.98	0.99803219
DP	58.02	0.99803590
DP	58.06	0.99803963
DP	58.10	0.99804335
DP	58.14	0.99804706
DP	58.18	0.99805074
DP	58.22	0.99805448
DP	58.26	0.99805814
DP	58.30	0.99806180
DP	58.34	0.99806546
DP	58.38	0.99806911
DP	58.42	0.99807275
DP	58.46	0.99807640
DP	58.50	0.99808001
DP	58.54	0.99808365
DP	58.58	0.99808726
DP	58.62	0.99809086
DP	58.66	0.99809445
DP	58.70	0.99809801
DP	58.74	0.99810159
DP	58.78	0.99810515
DP	58.82	0.99810871
DP	58.86	0.99811224
DP	58.90	0.99811576
DP	58.94	0.99811929
DP	58.98	0.99812280
DP	59.02	0.99812633
DP	59.06	0.99812980
DP	59.10	0.99813329
DP	59.14	0.99813676
DP	59.18	0.99814024
DP	59.22	0.99814370
DP	59.26	0.99814715
DP	59.30	0.99815059
DP	59.34	0.99815403
DP	59.38	0.99815748
DP	59.42	0.99816088
DP	59.46	0.99816428
DP	59.50	0.99816769
DP	59.54	0.99817108
DP	59.58	0.99817444
DP	59.62	0.99817783
DP	59.66	0.99818116
DP	59.70	0.99818454
DP	59.74	0.99818790
DP	59.78	0.99819124
DP	59.82	0.99819455
DP	59.86	0.99819789
DP	59.90	0.99820121
DP	59.94	0.99820451
DP	59.98	0.99820780
DP	60.02	0.99821109
DP	60.06	0.99821438
DP	60.10	0.99821766
DP	60.14	0.99822091
DP	60.18	0.99822418
DP	60.22	0.99822743
DP	60.26	0.99823066
DP	60.30	0.99823391
DP	60.34	0.99823716
DP	60.38	0.99824041
DP	60.42	0.99824360
DP	60.46	0.99824686
DP	60.50	0.99825006
DP	60.54	0.99825325
DP	60.58	0.99825645
DP	60.62	0.99825965
DP	60.66	0.99826285
DP	60.70	0.99826600
DP	60.74	0.99826918
DP	60.78	0.99827234
DP	60.82	0.99827548
DP	60.86	0.99827861
DP	60.90	0.99828175
DP	60.94	0.99828486
DP	60.98	0.99828798
DP	61.02	0.99829110
DP	61.06	0.99829421
DP	61.10	0.99829729
DP	61.14	0.99830038
DP	61.18	0.99830346
DP	61.22	0.99830653
DP	61.26	0.99830959
DP	61.30	0.99831266
DP	61.34	0.99831569
DP	61.38	0.99831871
DP	61.42	0.99832178
DP	61.46	0.99832479
DP	61.50	0.99832783
DP	61.54	0.99833080
DP	61.58	0.99833383
DP	61.62	0.99833684
DP	61.66	0.99833983
DP	61.70	0.99834280
DP	61.74	0.99834578
DP	61.78	0.99834874
DP	61.82	0.99835171
DP	61.86	0.99835466
DP	61.90	0.99835758
DP	61.94	0.99836053
DP	61.98	0.99836345
DP	62.02	0.99836638
DP	62.06	0.99836929
DP	62.10	0.99837220
DP	62.14	0.99837510
DP	62.18	0.99837799
DP	62.22	0.99838091
DP	62.26	0.99838375
DP	62.30	0.99838665
DP	62.34	0.99838949
DP	62.38	0.99839236
DP	62.42	0.99839524
DP	62.46	0.99839809
DP	62.50	0.99840091
DP	62.54	0.99840375
DP	62.58	0.99840656
DP	62.62	0.99840939
DP	62.66	0.99841219
DP	62.70	0.99841500
DP	62.74	0.99841779
DP	62.78	0.99842060
DP	62.82	0.99842338
DP	62.86	0.99842616
DP	62.90	0.99842891
DP	62.94	0.99843168
DP	62.98	0.99843449
DP	63.02	0.99843720
DP	63.06	0.99843994
DP	63.10	0.99844269
DP	63.14	0.99844544
DP	63.18	0.99844816
DP	63.22	0.99845089
DP	63.26	0.99845363
DP	63.30	0.99845634
DP	63.34	0.99845903
DP	63.38	0.99846174
DP	63.42	0.99846443
DP	63.46	0.99846715
DP	63.50	0.99846981
DP	63.54	0.99847251
DP	63.58	0.99847516
DP	63.62	0.99847784
DP	63.66	0.99848050
DP	63.70	0.99848314
DP	63.74	0.99848579
DP	63.78	0.99848844
DP	63.82	0.99849105
DP	63.86	0.99849368
DP	63.90	0.99849631
DP	63.94	0.99849893
DP	63.98	0.99850154
DP	64.02	0.99850414
DP	64.06	0.99850673
DP	64.10	0.99850933
DP	64.14	0.99851190
DP	64.18	0.99851450
DP	64.22	0.99851706
DP	64.26	0.99851960
DP	64.30	0.99852218
DP	64.34	0.99852474
DP	64.38	0.99852728
DP	64.42	0.99852984
DP	64.46	0.99853235
DP	64.50	0.99853488
DP	64.54	0.99853741
DP	64.58	0.99853993
DP	64.62	0.99854244
DP	64.66	0.99854495
DP	64.70	0.99854746
DP	64.74	0.99854995
DP	64.78	0.99855243
DP	64.82	0.99855491
DP	64.86	0.99855740
DP	64.90	0.99855986
DP	64.94	0.99856234
DP	64.98	0.99856476
DP	65.02	0.99856726
DP	65.06	0.99856970
DP	65.10	0.99857214
DP	65.14	0.99857460
DP	65.18	0.99857703
DP	65.22	0.99857944
DP	65.26	0.99858188
DP	65.30	0.99858429
DP	65.34	0.99858668
DP	65.38	0.99858910
DP	65.42	0.99859149
DP	65.46	0.99859390
DP	65.50	0.99859630
DP	65.54	0.99859866
DP	65.58	0.99860104
DP	65.62	0.99860341
DP	65.66	0.99860578
DP	65.70	0.99860815
DP	65.74	0.99861050
DP	65.78	0.99861284
DP	65.82	0.99861520
DP	65.86	0.99861753
DP	65.90	0.99861986
DP	65.94	0.99862220
DP	65.98	0.99862453
DP	66.02	0.99862685
DP	66.06	0.99862913
DP	66.10	0.99863146
DP	66.14	0.99863378
DP	66.18	0.99863606
DP	66.22	0.99863838
DP	66.26	0.99864066
DP	66.30	0.99864295
DP	66.34	0.99864523
DP	66.38	0.99864749
DP	66.42	0.99864976
DP	66.46	0.99865201
DP	66.50	0.99865430
DP	66.54	0.99865656
DP	66.58	0.99865879
DP	66.62	0.99866104
DP	66.66	0.99866329
DP	66.70	0.99866553
DP	66.74	0.99866775
DP	66.78	0.99866998
DP	66.82	0.99867221
DP	66.86	0.99867443
DP	66.90	0.99867664
DP	66.94	0.99867883
DP	66.98	0.99868104
DP	67.02	0.99868323
DP	67.06	0.99868543
DP	67.10	0.99868761
DP	67.14	0.99868979
DP	67.18	0.99869196
DP	67.22	0.99869415
DP	67.26	0.99869630
DP	67.30	0.99869844
DP	67.34	0.99870061
DP	67.38	0.99870278
DP	67.42	0.99870491
DP	67.46	0.99870706
DP	67.50	0.99870918
DP	67.54	0.99871131
DP	67.58	0.99871345
DP	67.62	0.99871556
DP	67.66	0.99871769
DP	67.70	0.99871981
DP	67.74	0.99872191
DP	67.78	0.99872401
DP	67.82	0.99872610
DP	67.86	0.99872821
DP	67.90	0.99873028
DP	67.94	0.99873238
DP	67.98	0.99873446
DP	68.02	0.99873655
DP	68.06	0.99873863
DP	68.10	0.99874068
DP	68.14	0.99874274
DP	68.18	0.99874479
DP	68.22	0.99874684
DP	68.26	0.99874889
DP	68.30	0.99875096
DP	68.34	0.99875300
DP	68.38	0.99875503
DP	68.42	0.99875706
DP	68.46	0.99875908
DP	68.50	0.99876110
DP	68.54	0.99876311
DP	68.58	0.99876515
DP	68.62	0.99876715
DP	68.66	0.99876915
DP	68.70	0.99877116
DP	68.74	0.99877315
DP	68.78	0.99877513
DP	68.82	0.99877710
DP	68.86	0.99877909
DP	68.90	0.99878108
DP	68.94	0.99878306
DP	68.98	0.99878499
DP	69.02	0.99878696
DP	69.06	0.99878893
DP	69.10	0.99879088
DP	69.14	0.99879286
DP	69.18	0.99879479
DP	69.22	0.99879673
DP	69.26	0.99879868
DP	69.30	0.99880060
DP	69.34	0.99880254
DP	69.38	0.99880446
DP	69.42	0.99880638
DP	69.46	0.99880828
DP	69.50	0.99881020
DP	69.54	0.99881210
DP	69.58	0.99881401
DP	69.62	0.99881593
DP	69.66	0.99881779
DP	69.70	0.99881971
DP	69.74	0.99882158
DP	69.78	0.99882348
DP	69.82	0.99882535
DP	69.86	0.99882724
DP	69.90	0.99882913
DP	69.94	0.99883096
DP	69.98	0.99883283
DP	70.02	0.99883468
DP	70.06	0.99883654
DP	70.10	0.99883839
DP	70.14	0.99884025
DP	70.18	0.99884209
DP	70.22	0.99884390
DP	70.26	0.99884574
DP	70.30	0.99884759
DP	70.34	0.99884943
DP	70.38	0.99885123
DP	70.42	0.99885306
DP	70.46	0.99885488
DP	70.50	0.99885668
DP	70.54	0.99885848
DP	70.58	0.99886030
DP	70.62	0.99886209
DP	70.66	0.99886389
DP	70.70	0.99886569
DP	70.74	0.99886746
DP	70.78	0.99886926
DP	70.82	0.99887104
DP	70.86	0.99887279
DP	70.90	0.99887458
DP	70.94	0.99887635
DP	70.98	0.99887811
DP	71.02	0.99887990
DP	71.06	0.99888163
DP	71.10	0.99888340
DP	71.14	0.99888513
DP	71.18	0.99888691
DP	71.22	0.99888863
DP	71.26	0.99889034
DP	71.30	0.99889209
DP	71.34	0.99889384
DP	71.38	0.99889556
DP	71.42	0.99889728
DP	71.46	0.99889901
DP	71.50	0.99890073
DP	71.54	0.99890241
DP	71.58	0.99890414
DP	71.62	0.99890585
DP	71.66	0.99890754
DP	71.70	0.99890925
DP	71.74	0.99891094
DP	71.78	0.99891263
DP	71.82	0.99891434
DP	71.86	0.99891600
DP	71.90	0.99891766
DP	71.94	0.99891939
DP	71.98	0.99892104
DP	72.02	0.99892270
DP	72.06	0.99892439
DP	72.10	0.99892604
DP	72.14	0.99892769
DP	72.18	0.99892938
DP	72.22	0.99893099
DP	72.26	0.99893265
DP	72.30	0.99893429
DP	72.34	0.99893594
DP	72.38	0.99893758
DP	72.42	0.99893920
DP	72.46	0.99894085
DP	72.50	0.99894248
DP	72.54	0.99894411
DP	72.58	0.99894573
DP	72.62	0.99894735
DP	72.66	0.99894895
DP	72.70	0.99895056
DP	72.74	0.99895216
DP	72.78	0.99895379
DP	72.82	0.99895538
DP	72.86	0.99895699
DP	72.90	0.99895858
DP	72.94	0.99896018
DP	72.98	0.99896175
DP	73.02	0.99896334
DP	73.06	0.99896491
DP	73.10	0.99896649
DP	73.14	0.99896810
DP	73.18	0.99896965
DP	73.22	0.99897121
DP	73.26	0.99897278
DP	73.30	0.99897434
DP	73.34	0.99897590
DP	73.38	0.99897746
DP	73.42	0.99897903
DP	73.46	0.99898058
DP	73.50	0.99898211
DP	73.54	0.99898363
DP	73.58	0.99898519
DP	73.62	0.99898673
DP	73.66	0.99898825
DP	73.70	0.99898980
DP	73.74	0.99899131
DP	73.78	0.99899284
DP	73.82	0.99899435
DP	73.86	0.99899588
DP	73.90	0.99899738
DP	73.94	0.99899890
DP	73.98	0.99900040
DP	74.02	0.99900191
DP	74.06	0.99900340
DP	74.10	0.99900491
DP	74.14	0.99900643
DP	74.18	0.99900789
DP	74.22	0.99900939
DP	74.26	0.99901089
DP	74.30	0.99901236
DP	74.34	0.99901385
DP	74.38	0.99901533
DP	74.42	0.99901679
DP	74.46	0.99901826
DP	74.50	0.99901974
DP	74.54	0.99902120
DP	74.58	0.99902266
DP	74.62	0.99902411
DP	74.66	0.99902559
DP	74.70	0.99902703
DP	74.74	0.99902849
DP	74.78	0.99902993
DP	74.82	0.99903139
DP	74.86	0.99903279
DP	74.90	0.99903425
DP	74.94	0.99903569
DP	74.98	0.99903713
DP	75.02	0.99903856
DP	75.06	0.99903999
DP	75.10	0.99904141
DP	75.14	0.99904283
DP	75.18	0.99904425
DP	75.22	0.99904564
DP	75.26	0.99904706
DP	75.30	0.99904846
DP	75.34	0.99904989
DP	75.38	0.99905130
DP	75.42	0.99905270
DP	75.46	0.99905410
DP	75.50	0.99905545
DP	75.54	0.99905688
DP	75.58	0.99905825
DP	75.62	0.99905965
DP	75.66	0.99906104
DP	75.70	0.99906240
DP	75.74	0.99906381
DP	75.78	0.99906516
DP	75.82	0.99906655
DP	75.86	0.99906790
DP	75.90	0.99906926
DP	75.94	0.99907068
DP	75.98	0.99907201
DP	76.02	0.99907339
DP	76.06	0.99907473
DP	76.10	0.99907613
DP	76.14	0.99907746
DP	76.18	0.99907883
DP	76.22	0.99908018
DP	76.26	0.99908151
DP	76.30	0.99908286
DP	76.34	0.99908423
DP	76.38	0.99908554
DP	76.42	0.99908690
DP	76.46	0.99908824
DP	76.50	0.99908956
DP	76.54	0.99909088
DP	76.58	0.99909223
DP	76.62	0.99909354
DP	76.66	0.99909489
DP	76.70	0.99909619
DP	76.74	0.99909749
DP	76.78	0.99909883
DP	76.82	0.99910014
DP	76.86	0.99910148
DP	76.90	0.99910276
DP	76.94	0.99910405
DP	76.98	0.99910534
DP	77.02	0.99910665
DP	77.06	0.99910794
DP	77.10	0.99910924
DP	77.14	0.99911055
DP	77.18	0.99911183
DP	77.22	0.99911310
DP	77.26	0.99911439
DP	77.30	0.99911568
DP	77.34	0.99911696
DP	77.38	0.99911824
DP	77.42	0.99911949
DP	77.46	0.99912079
DP	77.50	0.99912206
DP	77.54	0.99912333
DP	77.58	0.99912460
DP	77.62	0.99912583
DP	77.66	0.99912710
DP	77.70	0.99912839
DP	77.74	0.99912963
DP	77.78	0.99913088
DP	77.82	0.99913210
DP	77.86	0.99913338
DP	77.90	0.99913465
DP	77.94	0.99913590
DP	77.98	0.99913713
DP	78.02	0.99913836
DP	78.06	0.99913959
DP	78.10	0.99914081
DP	78.14	0.99914205
DP	78.18	0.99914335
DP	78.22	0.99914448
DP	78.26	0.99914558
DP	78.30	0.99914759
DP	78.34	0.99914825
DP	78.38	0.99914635
DP	78.42	0.99915560
DP	78.46	0.99916001
DP	78.50	0.99911588
DP	78.54	0.99917170
DP	78.58	0.99931285
DP	78.62	0.99877019
DP	78.66	0.99777481
DP	78.70	0.99752724
DP	78.74	0.99770305
DP	78.78	0.99770235
DP	78.82	0.99767180
DP	78.86	0.99768573
DP	78.90	0.99769204
DP	78.94	0.99769191
DP	78.98	0.99769529
DP	79.02	0.99769889
DP	79.06	0.99770175
DP	79.10	0.99770475
DP	79.14	0.99770784
DP	79.18	0.99771088
DP	79.22	0.99771391
DP	79.26	0.99771698
DP	79.30	0.99771999
DP	79.34	0.99772300
DP	79.38	0.99772601
DP	79.42	0.99772899
DP	79.46	0.99773204
DP	79.50	0.99773503
DP	79.54	0.99773800
DP	79.58	0.99774099
DP	79.62	0.99774395
DP	79.66	0.99774696
DP	79.70	0.99774994
DP	79.74	0.99775290
DP	79.78	0.99775586
DP	79.82	0.99775881
DP	79.86	0.99776175
DP	79.90	0.99776469
DP	79.94	0.99776764
DP	79.98	0.99777058
DP	80.02	0.99777349
DP	80.06	0.99777643
DP	80.10	0.99777934
DP	80.14	0.99778225
DP	80.18	0.99778515
DP	80.22	0.99778808
DP	80.26	0.99779094
DP	80.30	0.99779384
DP	80.34	0.99779673
DP	80.38	0.99779961
DP	80.42	0.99780249
DP	80.46	0.99780535
DP	80.50	0.99780821
DP	80.54	0.99781109
DP	80.58	0.99781394
DP	80.62	0.99781678
DP	80.66	0.99781963
DP	80.70	0.99782246
DP	80.74	0.99782530
DP	80.78	0.99782813
DP	80.82	0.99783096
DP	80.86	0.99783376
DP	80.90	0.99783661
DP	80.94	0.99783939
DP	80.98	0.99784220
DP	81.02	0.99784500
DP	81.06	0.99784781
DP	81.10	0.99785056
DP	81.14	0.99785338
DP	81.18	0.99785615
DP	81.22	0.99785893
DP	81.26	0.99786169
DP	81.30	0.99786444
DP	81.34	0.99786721
DP	81.38	0.99786996
DP	81.42	0.99787271
DP	81.46	0.99787548
DP	81.50	0.99787820
DP	81.54	0.99788094
DP	81.58	0.99788364
DP	81.62	0.99788640
DP	81.66	0.99788910
DP	81.70	0.99789180
DP	81.74	0.99789453
DP	81.78	0.99789725
DP	81.82	0.99789995
DP	81.86	0.99790264
DP	81.90	0.99790531
DP	81.94	0.99790803
DP	81.98	0.99791068
DP	82.02	0.99791335
DP	82.06	0.99791605
DP	82.10	0.99791871
DP	82.14	0.99792138
DP	82.18	0.99792403
DP	82.22	0.99792669
DP	82.26	0.99792934
DP	82.30	0.99793198
DP	82.34	0.99793460
DP	82.38	0.99793725
DP	82.42	0.99793989
DP	82.46	0.99794253
DP	82.50	0.99794511
DP	82.54	0.99794775
DP	82.58	0.99795036
DP	82.62	0.99795296
DP	82.66	0.99795559
DP	82.70	0.99795816
DP	82.74	0.99796076
DP	82.78	0.99796334
DP	82.82	0.99796593
DP	82.86	0.99796850
DP	82.90	0.99797108
DP	82.94	0.99797364
DP	82.98	0.99797621
DP	83.02	0.99797880
DP	83.06	0.99798134
DP	83.10	0.99798389
DP	83.14	0.99798644
DP	83.18	0.99798898
DP	83.22	0.99799151
DP	83.26	0.99799406
DP	83.30	0.99799659
DP	83.34	0.99799910
DP	83.38	0.99800161
DP	83.42	0.99800415
DP	83.46	0.99800665
DP	83.50	0.99800918
DP	83.54	0.99801165
DP	83.58	0.99801418
DP	83.62	0.99801668
DP	83.66	0.99801915
DP	83.70	0.99802166
DP	83.74	0.99802414
DP	83.78	0.99802659
DP	83.82	0.99802910
DP	83.86	0.99803155
DP	83.90	0.99803403
DP	83.94	0.99803649
DP	83.98	0.99803893
DP	84.02	0.99804139
DP	84.06	0.99804380
DP	84.10	0.99804629
DP	84.14	0.99804871
DP	84.18	0.99805115
DP	84.22	0.99805360
DP	84.26	0.99805601
DP	84.30	0.99805844
DP	84.34	0.99806083
DP	84.38	0.99806329
DP	84.42	0.99806569
DP	84.46	0.99806806
DP	84.50	0.99807050
DP	84.54	0.99807290
DP	84.58	0.99807529
DP	84.62	0.99807768
DP	84.66	0.99808008
DP	84.70	0.99808243
DP	84.74	0.99808484
DP	84.78	0.99808718
DP	84.82	0.99808955
DP	84.86	0.99809191
DP	84.90	0.99809429
DP	84.94	0.99809666
DP	84.98	0.99809901
DP	85.02	0.99810134
DP	85.06	0.99810369
DP	85.10	0.99810604
DP	85.14	0.99810836
DP	85.18	0.99811065
DP	85.22	0.99811294
DP	85.26	0.99811524
DP	85.30	0.99811754
DP	85.34	0.99811984
DP	85.38	0.99812209
DP	85.42	0.99812438
DP	85.46	0.99812664
DP	85.50	0.99812891
DP	85.54	0.99813116
DP	85.58	0.99813341
DP	85.62	0.99813571
DP	85.66	0.99813793
DP	85.70	0.99814018
DP	85.74	0.99814241
DP	85.78	0.99814468
DP	85.82	0.99814693
DP	85.86	0.99814916
DP	85.90	0.99815138
DP	85.94	0.99815363
DP	85.98	0.99815583
DP	86.02	0.99815805
DP	86.06	0.99816028
DP	86.10	0.99816249
DP	86.14	0.99816468
DP	86.18	0.99816688
DP	86.22	0.99816910
DP	86.26	0.99817126
DP	86.30	0.99817349
DP	86.34	0.99817566
DP	86.38	0.99817786
DP	86.42	0.99818003
DP	86.46	0.99818220
DP	86.50	0.99818439
DP	86.54	0.99818654
DP	86.58	0.99818871
DP	86.62	0.99819090
DP	86.66	0.99819306
DP	86.70	0.99819520
DP	86.74	0.99819739
DP	86.78	0.99819951
DP	86.82	0.99820166
DP	86.86	0.99820381
DP	86.90	0.99820595
DP	86.94	0.99820811
DP	86.98	0.99821020
DP	87.02	0.99821234
DP	87.06	0.99821445
DP	87.10	0.99821659
DP	87.14	0.99821870
DP	87.18	0.99822081
DP	87.22	0.99822294
DP	87.26	0.99822506
DP	87.30	0.99822715
DP	87.34	0.99822926
DP	87.38	0.99823134
DP	87.42	0.99823344
DP	87.46	0.99823554
DP	87.50	0.99823761
DP	87.54	0.99823971
DP	87.58	0.99824179
DP	87.62	0.99824384
DP	87.66	0.99824594
DP	87.70	0.99824801
DP	87.74	0.99825008
DP	87.78	0.99825214
DP	87.82	0.99825421
DP	87.86	0.99825624
DP	87.90	0.99825831
DP	87.94	0.99826035
DP	87.98	0.99826240
DP	88.02	0.99826449
DP	88.06	0.99826659
DP	88.10	0.99826869
DP	88.14	0.99827080
DP	88.18	0.99827290
DP	88.22	0.99827499
DP	88.26	0.99827708
DP	88.30	0.99827914
DP	88.34	0.99828123
DP	88.38	0.99828331
DP	88.42	0.99828539
DP	88.46	0.99828748
DP	88.50	0.99828954
DP	88.54	0.99829159
DP	88.58	0.99829366
DP	88.62	0.99829570
DP	88.66	0.99829778
DP	88.70	0.99829980
DP	88.74	0.99830189
DP	88.78	0.99830391
DP	88.82	0.99830595
DP	88.86	0.99830798
DP	88.90	0.99831004
DP	88.94	0.99831204
DP	88.98	0.99831408
DP	89.02	0.99831611
DP	89.06	0.99831811
DP	89.10	0.99832016
DP	89.14	0.99832215
DP	89.18	0.99832418
DP	89.22	0.99832618
DP	89.26	0.99832818
DP	89.30	0.99833020
DP	89.34	0.99833219
DP	89.38	0.99833418
DP	89.42	0.99833616
DP	89.46	0.99833818
DP	89.50	0.99834015
DP	89.54	0.99834213
DP	89.58	0.99834410
DP	89.62	0.99834608
DP	89.66	0.99834806
DP	89.70	0.99835003
DP	89.74	0.99835198
DP	89.78	0.99835396
DP	89.82	0.99835593
DP	89.86	0.99835789
DP	89.90	0.99835983
DP	89.94	0.99836175
DP	89.98	0.99836371
DP	90.02	0.99836568
DP	90.06	0.99836760
DP	90.10	0.99836953
DP	90.14	0.99837148
DP	90.18	0.99837338
DP	90.22	0.99837534
DP	90.26	0.99837726
DP	90.30	0.99837916
DP	90.34	0.99838106
DP	90.38	0.99838299
DP	90.42	0.99838489
DP	90.46	0.99838680
DP	90.50	0.99838871
DP	90.54	0.99839061
DP	90.58	0.99839253
DP	90.62	0.99839443
DP	90.66	0.99839631
DP	90.70	0.99839823
DP	90.74	0.99840006
DP	90.78	0.99840196
DP	90.82	0.99840385
DP	90.86	0.99840573
DP	90.90	0.99840760
DP	90.94	0.99840948
DP	90.98	0.99841134
DP	91.02	0.99841320
DP	91.06	0.99841508
DP	91.10	0.99841693
DP	91.14	0.99841880
DP	91.18	0.99842061
DP	91.22	0.99842248
DP	91.26	0.99842431
DP	91.30	0.99842618
DP	91.34	0.99842803
DP	91.38	0.99842986
DP	91.42	0.99843169
DP	91.46	0.99843353
DP	91.50	0.99843535
DP	91.54	0.99843719
DP	91.58	0.99843901
DP	91.62	0.99844083
DP	91.66	0.99844265
DP	91.70	0.99844444
DP	91.74	0.99844628
DP	91.78	0.99844809
DP	91.82	0.99844989
DP	91.86	0.99845168
DP	91.90	0.99845349
DP	91.94	0.99845529
DP	91.98	0.99845711
DP	92.02	0.99845886
DP	92.06	0.99846068
DP	92.10	0.99846246
DP	92.14	0.99846425
DP	92.18	0.99846600
DP	92.22	0.99846778
DP	92.26	0.99846958
DP	92.30	0.99847134
DP	92.34	0.99847313
DP	92.38	0.99847486
DP	92.42	0.99847665
DP	92.46	0.99847840
DP	92.50	0.99848016
DP	92.54	0.99848193
DP	92.58	0.99848366
DP	92.62	0.99848541
DP	92.66	0.99848719
DP	92.70	0.99848893
DP	92.74	0.99849066
DP	92.78	0.99849243
DP	92.82	0.99849418
DP	92.86	0.99849589
DP	92.90	0.99849760
DP	92.94	0.99849933
DP	92.98	0.99850106
DP	93.02	0.99850279
DP	93.06	0.99850450
DP	93.10	0.99850623
DP	93.14	0.99850795
DP	93.18	0.99850965
DP	93.22	0.99851136
DP	93.26	0.99851306
DP	93.30	0.99851479
DP	93.34	0.99851646
DP	93.38	0.99851816
DP	93.42	0.99851988
DP	93.46	0.99852158
DP	93.50	0.99852326
DP	93.54	0.99852494
DP	93.58	0.99852664
DP	93.62	0.99852834
DP	93.66	0.99852999
DP	93.70	0.99853166
DP	93.74	0.99853334
DP	93.78	0.99853504
DP	93.82	0.99853670
DP	93.86	0.99853838
DP	93.90	0.99854003
DP	93.94	0.99854168
DP	93.98	0.99854336
DP	94.02	0.99854500
DP	94.06	0.99854665
DP	94.10	0.99854830
DP	94.14	0.99854996
DP	94.18	0.99855164
DP	94.22	0.99855325
DP	94.26	0.99855489
DP	94.30	0.99855654
DP	94.34	0.99855815
DP	94.38	0.99855979
DP	94.42	0.99856145
DP	94.46	0.99856306
DP	94.50	0.99856470
DP	94.54	0.99856630
DP	94.58	0.99856794
DP	94.62	0.99856955
DP	94.66	0.99857118
DP	94.70	0.99857278
DP	94.74	0.99857440
DP	94.78	0.99857603
DP	94.82	0.99857763
DP	94.86	0.99857920
DP	94.90	0.99858079
DP	94.94	0.99858241
DP	94.98	0.99858403
DP	95.02	0.99858561
DP	95.06	0.99858718
DP	95.10	0.99858879
DP	95.14	0.99859039
DP	95.18	0.99859194
DP	95.22	0.99859351
DP	95.26	0.99859510
DP	95.30	0.99859669
DP	95.34	0.99859825
DP	95.38	0.99859983
DP	95.42	0.99860139
DP	95.46	0.99860298
DP	95.50	0.99860453
DP	95.54	0.99860610
DP	95.58	0.99860765
DP	95.62	0.99860923
DP	95.66	0.99861079
DP	95.70	0.99861230
DP	95.74	0.99861388
DP	95.78	0.99861541
DP	95.82	0.99861698
DP	95.86	0.99861850
DP	95.90	0.99862006
DP	95.94	0.99862159
DP	95.98	0.99862314
DP	96.02	0.99862469
DP	96.06	0.99862619
DP	96.10	0.99862775
DP	96.14	0.99862928
DP	96.18	0.99863078
DP	96.22	0.99863230
DP	96.26	0.99863383
DP	96.30	0.99863535
DP	96.34	0.99863689
DP	96.38	0.99863838
DP	96.42	0.99863991
DP	96.46	0.99864140
DP	96.50	0.99864294
DP	96.54	0.99864444
DP	96.58	0.99864591
DP	96.62	0.99864741
DP	96.66	0.99864893
DP	96.70	0.99865039
DP	96.74	0.99865186
DP	96.78	0.99865334
DP	96.82	0.99865483
DP	96.86	0.99865630
DP	96.90	0.99865778
DP	96.94	0.99865923
DP	96.98	0.99866069
DP	97.02	0.99866216
DP	97.06	0.99866360
DP	97.10	0.99866508
DP	97.14	0.99866654
DP	97.18	0.99866800
DP	97.22	0.99866946
DP	97.26	0.99867089
DP	97.30	0.99867234
DP	97.34	0.99867380
DP	97.38	0.99867523
DP	97.42	0.99867668
DP	97.46	0.99867813
DP	97.50	0.99867955
DP	97.54	0.99868100
DP	97.58	0.99868243
DP	97.62	0.99868386
DP	97.66	0.99868529
DP	97.70	0.99868671
DP	97.74	0.99868816
DP	97.78	0.99868955
DP	97.82	0.99869098
DP	97.86	0.99869240
DP	97.90	0.99869381
DP	97.94	0.99869524
DP	97.98	0.99869665
DP	98.02	0.99869808
DP	98.06	0.99869948
DP	98.10	0.99870086
DP	98.14	0.99870226
DP	98.18	0.99870368
DP	98.22	0.99870506
DP	98.26	0.99870649
DP	98.30	0.99870789
DP	98.34	0.99870925
DP	98.38	0.99871065
DP	98.42	0.99871206
DP	98.46	0.99871344
DP	98.50	0.99871483
DP	98.54	0.99871619
DP	98.58	0.99871758
DP	98.62	0.99871896
DP	98.66	0.99872034
DP	98.70	0.99872171
DP	98.74	0.99872308
DP	98.78	0.99872448
DP	98.82	0.99872581
DP	98.86	0.99872723
DP	98.90	0.99872856
DP	98.94	0.99872993
DP	98.98	0.99873130
DP	99.02	0.99873265
DP	99.06	0.99873401
DP	99.10	0.99873535
DP	99.14	0.99873671
DP	99.18	0.99873806
DP	99.22	0.99873944
DP	99.26	0.99874075
DP	99.30	0.99874210
DP	99.34	0.99874345
DP	99.38	0.99874476
DP	99.42	0.99874614
DP	99.46	0.99874749
DP	99.50	0.99874880
DP	99.54	0.99875015
DP	99.58	0.99875145
DP	99.62	0.99875283
DP	99.66	0.99875414
DP	99.70	0.99875546
DP	99.74	0.99875679
DP	99.78	0.99875813
DP	99.82	0.99875941
DP	99.86	0.99876074
DP	99.90	0.99876206
DP	99.94	0.99876336
DP	99.98	0.99876468
DP	100.02	0.99876601
DP	100.06	0.99876730
DP	100.10	0.99876863
DP	100.14	0.99876993
DP	100.18	0.99877124
DP	100.22	0.99877251
DP	100.26	0.99877384
DP	100.30	0.99877514
DP	100.34	0.99877643
DP	100.38	0.99877773
DP	100.42	0.99877900
DP	100.46	0.99878030
DP	100.50	0.99878160
DP	100.54	0.99878286
DP	100.58	0.99878416
DP	100.62	0.99878546
DP	100.66	0.99878670
DP	100.70	0.99878799
DP	100.74	0.99878930
DP	100.78	0.99879054
DP	100.82	0.99879180
DP	100.86	0.99879309
DP	100.90	0.99879436
DP	100.94	0.99879561
DP	100.98	0.99879690
DP	101.02	0.99879815
DP	101.06	0.99879939
DP	101.10	0.99880070
DP	101.14	0.99880194
DP	101.18	0.99880319
DP	101.22	0.99880446
DP	101.26	0.99880570
DP	101.30	0.99880695
DP	101.34	0.99880820
DP	101.38	0.99880944
DP	101.42	0.99881070
DP	101.46	0.99881194
DP	101.50	0.99881316
DP	101.54	0.99881444
DP	101.58	0.99881568
DP	101.62	0.99881690
DP	101.66	0.99881813
DP	101.70	0.99881936
DP	101.74	0.99882060
DP	101.78	0.99882181
DP	101.82	0.99882309
DP	101.86	0.99882429
DP	101.90	0.99882553
DP	101.94	0.99882671
DP	101.98	0.99882793
DP	102.02	0.99882918
DP	102.06	0.99883040
DP	102.10	0.99883160
DP	102.14	0.99883283
DP	102.18	0.99883401
DP	102.22	0.99883523
DP	102.26	0.99883646
DP	102.30	0.99883765
DP	102.34	0.99883886
DP	102.38	0.99884005
DP	102.42	0.99884126
DP	102.46	0.99884246
DP	102.50	0.99884368
DP	102.54	0.99884484
DP	102.58	0.99884604
DP	102.62	0.99884723
DP	102.66	0.99884843
DP	102.70	0.99884964
DP	102.74	0.99885080
DP	102.78	0.99885200
DP	102.82	0.99885319
DP	102.86	0.99885433
DP	102.90	0.99885555
DP	102.94	0.99885670
DP	102.98	0.99885789
DP	103.02	0.99885909
DP	103.06	0.99886026
DP	103.10	0.99886141
DP	103.14	0.99886260
DP	103.18	0.99886375
DP	103.22	0.99886494
DP	103.26	0.99886613
DP	103.30	0.99886728
DP	103.34	0.99886840
DP	103.38	0.99886958
DP	103.42	0.99887074
DP	103.46	0.99887190
DP	103.50	0.99887308
DP	103.54	0.99887424
DP	103.58	0.99887538
DP	103.62	0.99887653
DP	103.66	0.99887768
DP	103.70	0.99887884
DP	103.74	0.99887999
DP	103.78	0.99888111
DP	103.82	0.99888225
DP	103.86	0.99888343
DP	103.90	0.99888456
DP	103.94	0.99888568
DP	103.98	0.99888685
DP	104.02	0.99888795
DP	104.06	0.99888905
DP	104.10	0.99889021
DP	104.14	0.99889135
DP	104.18	0.99889246
DP	104.22	0.99889361
DP	104.26	0.99889473
DP	104.30	0.99889588
DP	104.34	0.99889696
DP	104.38	0.99889808
DP	104.42	0.99889923
DP	104.46	0.99890036
DP	104.50	0.99890144
DP	104.54	0.99890255
DP	104.58	0.99890368
DP	104.62	0.99890476
DP	104.66	0.99890591
DP	104.70	0.99890705
DP	104.74	0.99890813
DP	104.78	0.99890924
DP	104.82	0.99891034
DP	104.86	0.99891144
DP	104.90	0.99891254
DP	104.94	0.99891363
DP	104.98	0.99891474
DP	105.02	0.99891583
DP	105.06	0.99891693
DP	105.10	0.99891800
DP	105.14	0.99891911
DP	105.18	0.99892020
DP	105.22	0.99892129
DP	105.26	0.99892236
DP	105.30	0.99892345
DP	105.34	0.99892454
DP	105.38	0.99892564
DP	105.42	0.99892670
DP	105.46	0.99892778
DP	105.50	0.99892888
DP	105.54	0.99892994
DP	105.58	0.99893101
DP	105.62	0.99893210
DP	105.66	0.99893319
DP	105.70	0.99893424
DP	105.74	0.99893530
DP	105.78	0.99893636
DP	105.82	0.99893744
DP	105.86	0.99893850
DP	105.90	0.99893955
DP	105.94	0.99894063
DP	105.98	0.99894169
DP	106.02	0.99894274
DP	106.06	0.99894380
DP	106.10	0.99894488
DP	106.14	0.99894591
DP	106.18	0.99894696
DP	106.22	0.99894804
DP	106.26	0.99894906
DP	106.30	0.99895011
DP	106.34	0.99895116
DP	106.38	0.99895221
DP	106.42	0.99895324
DP	106.46	0.99895429
DP	106.50	0.99895531
DP	106.54	0.99895638
DP	106.58	0.99895740
DP	106.62	0.99895844
DP	106.66	0.99895946
DP	106.70	0.99896048
DP	106.74	0.99896156
DP	106.78	0.99896258
DP	106.82	0.99896360
DP	106.86	0.99896463
DP	106.90	0.99896565
DP	106.94	0.99896669
DP	106.98	0.99896771
DP	107.02	0.99896875
DP	107.06	0.99896974
DP	107.10	0.99897075
DP	107.14	0.99897180
DP	107.18	0.99897281
DP	107.22	0.99897381
DP	107.26	0.99897483
DP	107.30	0.99897585
DP	107.34	0.99897685
DP	107.38	0.99897788
DP	107.42	0.99897889
DP	107.46	0.99897989
DP	107.50	0.99898089
DP	107.54	0.99898189
DP	107.58	0.99898291
DP	107.62	0.99898393
DP	107.66	0.99898494
DP	107.70	0.99898593
DP	107.74	0.99898690
DP	107.78	0.99898791
DP	107.82	0.99898890
DP	107.86	0.99898989
DP	107.90	0.99899088
DP	107.94	0.99899190
DP	107.98	0.99899289
DP	108.02	0.99899385
DP	108.06	0.99899484
DP	108.10	0.99899581
DP	108.14	0.99899680
DP	108.18	0.99899780
DP	108.22	0.99899879
DP	108.26	0.99899976
DP	108.30	0.99900075
DP	108.34	0.99900170
DP	108.38	0.99900270
DP	108.42	0.99900366
DP	108.46	0.99900466
DP	108.50	0.99900566
DP	108.54	0.99900664
DP	108.58	0.99900759
DP	108.62	0.99900861
DP	108.66	0.99900960
DP	108.70	0.99901056
DP	108.74	0.99901155
DP	108.78	0.99901250
DP	108.82	0.99901350
DP	108.86	0.99901448
DP	108.90	0.99901548
DP	108.94	0.99901644
DP	108.98	0.99901739
DP	109.02	0.99901836
DP	109.06	0.99901930
DP	109.10	0.99902030
DP	109.14	0.99902128
DP	109.18	0.99902223
DP	109.22	0.99902320
DP	109.26	0.99902415
DP	109.30	0.99902511
DP	109.34	0.99902609
DP	109.38	0.99902704
DP	109.42	0.99902799
DP	109.46	0.99902891
DP	109.50	0.99902989
DP	109.54	0.99903085
DP	109.58	0.99903180
DP	109.62	0.99903279
DP	109.66	0.99903370
DP	109.70	0.99903463
DP	109.74	0.99903560
DP	109.78	0.99903656
DP	109.82	0.99903748
DP	109.86	0.99903843
DP	109.90	0.99903938
DP	109.94	0.99904031
DP	109.98	0.99904123
DP	110.02	0.99904220
DP	110.06	0.99904311
DP	110.10	0.99904405
DP	110.14	0.99904500
DP	110.18	0.99904594
DP	110.22	0.99904685
DP	110.26	0.99904778
DP	110.30	0.99904870
DP	110.34	0.99904965
DP	110.38	0.99905058
DP	110.42	0.99905149
DP	110.46	0.99905240
DP	110.50	0.99905331
DP	110.54	0.99905428
DP	110.58	0.99905518
DP	110.62	0.99905610
DP	110.66	0.99905701
DP	110.70	0.99905791
DP	110.74	0.99905884
DP	110.78	0.99905976
DP	110.82	0.99906066
DP	110.86	0.99906156
DP	110.90	0.99906253
DP	110.94	0.99906343
DP	110.98	0.99906433
DP	111.02	0.99906523
DP	111.06	0.99906615
DP	111.10	0.99906703
DP	111.14	0.99906791
DP	111.18	0.99906884
DP	111.22	0.99906975
DP	111.26	0.99907064
DP	111.30	0.99907154
DP	111.34	0.99907244
DP	111.38	0.99907334
DP	111.42	0.99907424
DP	111.46	0.99907514
DP	111.50	0.99907601
DP	111.54	0.99907690
DP	111.58	0.99907780
DP	111.62	0.99907870
DP	111.66	0.99907958
DP	111.70	0.99908045
DP	111.74	0.99908138
DP	111.78	0.99908224
DP	111.82	0.99908311
DP	111.86	0.99908400
DP	111.90	0.99908488
DP	111.94	0.99908576
DP	111.98	0.99908664
DP	112.02	0.99908751
DP	112.06	0.99908840
DP	112.10	0.99908926
DP	112.14	0.99909015
DP	112.18	0.99909103
DP	112.22	0.99909186
DP	112.26	0.99909276
DP	112.30	0.99909361
DP	112.34	0.99909453
DP	112.38	0.99909539
DP	112.42	0.99909623
DP	112.46	0.99909711
DP	112.50	0.99909799
DP	112.54	0.99909885
DP	112.58	0.99909971
DP	112.62	0.99910056
DP	112.66	0.99910140
DP	112.70	0.99910228
DP	112.74	0.99910315
DP	112.78	0.99910400
DP	112.82	0.99910485
DP	112.86	0.99910570
DP	112.90	0.99910656
DP	112.94	0.99910741
DP	112.98	0.99910825
DP	113.02	0.99910909
DP	113.06	0.99910996
DP	113.10	0.99911081
DP	113.14	0.99911165
DP	113.18	0.99911249
DP	113.22	0.99911335
DP	113.26	0.99911418
DP	113.30	0.99911501
DP	113.34	0.99911586
DP	113.38	0.99911671
DP	113.42	0.99911755
DP	113.46	0.99911839
DP	113.50	0.99911920
DP	113.54	0.99912004
DP	113.58	0.99912088
DP	113.62	0.99912174
DP	113.66	0.99912254
DP	113.70	0.99912339
DP	113.74	0.99912423
DP	113.78	0.99912505
DP	113.82	0.99912586
DP	113.86	0.99912669
DP	113.90	0.99912754
DP	113.94	0.99912834
DP	113.98	0.99912916
DP	114.02	0.99912998
DP	114.06	0.99913083
DP	114.10	0.99913165
DP	114.14	0.99913245
DP	114.18	0.99913325
DP	114.22	0.99913410
DP	114.26	0.99913489
DP	114.30	0.99913570
DP	114.34	0.99913653
DP	114.38	0.99913735
DP	114.42	0.99913819
DP	114.46	0.99913898
DP	114.50	0.99913979
DP	114.54	0.99914060
DP	114.58	0.99914140
DP	114.62	0.99914223
DP	114.66	0.99914300
DP	114.70	0.99914381
DP	114.74	0.99914460
DP	114.78	0.99914543
DP	114.82	0.99914623
DP	114.86	0.99914701
DP	114.90	0.99914781
DP	114.94	0.99914860
DP	114.98	0.99914943
DP	115.02	0.99915020
DP	115.06	0.99915099
DP	115.10	0.99915180
DP	115.14	0.99915256
DP	115.18	0.99915336
DP	115.22	0.99915415
DP	115.26	0.99915496
DP	115.30	0.99915573
DP	115.34	0.99915653
DP	115.38	0.99915731
DP	115.42	0.99915811
DP	115.46	0.99915890
DP	115.50	0.99915969
DP	115.54	0.99916046
DP	115.58	0.99916124
DP	115.62	0.99916201
DP	115.66	0.99916279
DP	115.70	0.99916355
DP	115.74	0.99916435
DP	115.78	0.99916513
DP	115.82	0.99916589
DP	115.86	0.99916668
DP	115.90	0.99916746
DP	115.94	0.99916823
DP	115.98	0.99916901
DP	116.02	0.99916978
DP	116.06	0.99917054
DP	116.10	0.99917131
DP	116.14	0.99917209
DP	116.18	0.99917285
DP	116.22	0.99917360
DP	116.26	0.99917438
DP	116.30	0.99917513
DP	116.34	0.99917593
DP	116.38	0.99917666
DP	116.42	0.99917740
DP	116.46	0.99917818
DP	116.50	0.99917895
DP	116.54	0.99917971
DP	116.58	0.99918048
DP	116.62	0.99918120
DP	116.66	0.99918196
DP	116.70	0.99918273
DP	116.74	0.99918350
DP	116.78	0.99918425
DP	116.82	0.99918498
DP	116.86	0.99918573
DP	116.90	0.99918649
DP	116.94	0.99918724
DP	116.98	0.99918796
DP	117.02	0.99918873
DP	117.06	0.99918946
DP	117.10	0.99919021
DP	117.14	0.99919099
DP	117.18	0.99919170
DP	117.22	0.99919245
DP	117.26	0.99919321
DP	117.30	0.99919395
DP	117.34	0.99919466
DP	117.38	0.99919540
DP	117.42	0.99919614
DP	117.46	0.99919689
DP	117.50	0.99919761
DP	117.54	0.99919836
DP	117.58	0.99919910
DP	117.62	0.99919985
DP	117.66	0.99920055
DP	117.70	0.99920130
DP	117.74	0.99920203
DP	117.78	0.99920276
DP	117.82	0.99920348
DP	117.86	0.99920423
DP	117.90	0.99920498
DP	117.94	0.99920569
DP	117.98	0.99920640
DP	118.02	0.99920713
DP	118.06	0.99920785
DP	118.10	0.99920860
DP	118.14	0.99920930
DP	118.18	0.99921003
DP	118.22	0.99921076
DP	118.26	0.99921146
DP	118.30	0.99921219
DP	118.34	0.99921290
DP	118.38	0.99921363
DP	118.42	0.99921438
DP	118.46	0.99921509
DP	118.50	0.99921580
DP	118.54	0.99921651
DP	118.58	0.99921723
DP	118.62	0.99921793
DP	118.66	0.99921864
DP	118.70	0.99921933
DP	118.74	0.99922005
DP	118.78	0.99922076
DP	118.82	0.99922149
DP	118.86	0.99922219
DP	118.90	0.99922288
DP	118.94	0.99922363
DP	118.98	0.99922431
DP	119.02	0.99922500
DP	119.06	0.99922573
DP	119.10	0.99922643
DP	119.14	0.99922714
DP	119.18	0.99922783
DP	119.22	0.99922851
DP	119.26	0.99922921
DP	119.30	0.99922990
DP	119.34	0.99923063
DP	119.38	0.99923131
DP	119.42	0.99923201
DP	119.46	0.99923270
DP	119.50	0.99923340
DP	119.54	0.99923408
DP	119.58	0.99923480
DP	119.62	0.99923548
DP	119.66	0.99923616
DP	119.70	0.99923685
DP	119.74	0.99923755
DP	119.78	0.99923824
DP	119.82	0.99923893
DP	119.86	0.99923959
DP	119.90	0.99924028
DP	119.94	0.99924096
DP	119.98	0.99924166
DP	120.02	0.99924235
DP	120.06	0.99924303
DP	120.10	0.99924371
DP	120.14	0.99924439
DP	120.18	0.99924508
DP	120.22	0.99924574
DP	120.26	0.99924643
DP	120.30	0.99924708
DP	120.34	0.99924776
DP	120.38	0.99924844
DP	120.42	0.99924911
DP	120.46	0.99924978
DP	120.50	0.99925048
DP	120.54	0.99925115
DP	120.58	0.99925181
DP	120.62	0.99925248
DP	120.66	0.99925315
DP	120.70	0.99925384
DP	120.74	0.99925449
DP	120.78	0.99925515
DP	120.82	0.99925580
DP	120.86	0.99925646
DP	120.90	0.99925716
DP	120.94	0.99925781
DP	120.98	0.99925848
DP	121.02	0.99925915
DP	121.06	0.99925980
DP	121.10	0.99926046
DP	121.14	0.99926114
DP	121.18	0.99926181
DP	121.22	0.99926243
DP	121.26	0.99926311
DP	121.30	0.99926374
DP	121.34	0.99926440
DP	121.38	0.99926504
DP	121.42	0.99926573
DP	121.46	0.99926639
DP	121.50	0.99926703
DP	121.54	0.99926768
DP	121.58	0.99926833
DP	121.62	0.99926898
DP	121.66	0.99926963
DP	121.70	0.99927026
DP	121.74	0.99927094
DP	121.78	0.99927156
DP	121.82	0.99927219
DP	121.86	0.99927286
DP	121.90	0.99927349
DP	121.94	0.99927415
DP	121.98	0.99927476
DP	122.02	0.99927543
DP	122.06	0.99927609
DP	122.10	0.99927671
DP	122.14	0.99927736
DP	122.18	0.99927798
DP	122.22	0.99927865
DP	122.26	0.99927928
DP	122.30	0.99927993
DP	122.34	0.99928054
DP	122.38	0.99928116
DP	122.42	0.99928180
DP	122.46	0.99928245
DP	122.50	0.99928308
DP	122.54	0.99928370
DP	122.58	0.99928434
DP	122.62	0.99928498
DP	122.66	0.99928561
DP	122.70	0.99928623
DP	122.74	0.99928685
DP	122.78	0.99928750
DP	122.82	0.99928811
DP	122.86	0.99928873
DP	122.90	0.99928935
DP	122.94	0.99928996
DP	122.98	0.99929060
DP	123.02	0.99929125
DP	123.06	0.99929186
DP	123.10	0.99929249
DP	123.14	0.99929309
DP	123.18	0.99929371
DP	123.22	0.99929435
DP	123.26	0.99929495
DP	123.30	0.99929559
DP	123.34	0.99929620
DP	123.38	0.99929681
DP	123.42	0.99929744
DP	123.46	0.99929804
DP	123.50	0.99929865
DP	123.54	0.99929926
DP	123.58	0.99929989
DP	123.62	0.99930049
DP	123.66	0.99930109
DP	123.70	0.99930174
DP	123.74	0.99930235
DP	123.78	0.99930293
DP	123.82	0.99930355
DP	123.86	0.99930414
DP	123.90	0.99930475
DP	123.94	0.99930538
DP	123.98	0.99930600
DP	124.02	0.99930658
DP	124.06	0.99930719
DP	124.10	0.99930780
DP	124.14	0.99930840
DP	124.18	0.99930901
DP	124.22	0.99930959
DP	124.26	0.99931020
DP	124.30	0.99931076
DP	124.34	0.99931139
DP	124.38	0.99931199
DP	124.42	0.99931258
DP	124.46	0.99931320
DP	124.50	0.99931376
DP	124.54	0.99931440
DP	124.58	0.99931499
DP	124.62	0.99931555
DP	124.66	0.99931614
DP	124.70	0.99931675
DP	124.74	0.99931735
DP	124.78	0.99931794
DP	124.82	0.99931853
DP	124.86	0.99931910
DP	124.90	0.99931971
DP	124.94	0.99932031
DP	124.98	0.99932088
DP	125.02	0.99932145
DP	125.06	0.99932204
DP	125.10	0.99932265
DP	125.14	0.99932324
DP	125.18	0.99932381
DP	125.22	0.99932440
DP	125.26	0.99932498
DP	125.30	0.99932556
DP	125.34	0.99932614
DP	125.38	0.99932674
DP	125.42	0.99932730
DP	125.46	0.99932788
DP	125.50	0.99932845
DP	125.54	0.99932904
DP	125.58	0.99932963
DP	125.62	0.99933019
DP	125.66	0.99933078
DP	125.70	0.99933136
DP	125.74	0.99933196
DP	125.78	0.99933251
DP	125.82	0.99933306
DP	125.86	0.99933364
DP	125.90	0.99933420
DP	125.94	0.99933478
DP	125.98	0.99933534
DP	126.02	0.99933593
DP	126.06	0.99933650
DP	126.10	0.99933706
DP	126.14	0.99933761
DP	126.18	0.99933819
DP	126.22	0.99933875
DP	126.26	0.99933933
DP	126.30	0.99933989
DP	126.34	0.99934048
DP	126.38	0.99934104
DP	126.42	0.99934160
DP	126.46	0.99934215
DP	126.50	0.99934273
DP	126.54	0.99934328
DP	126.58	0.99934384
DP	126.62	0.99934439
DP	126.66	0.99934495
DP	126.70	0.99934550
DP	126.74	0.99934606
DP	126.78	0.99934663
DP	126.82	0.99934719
DP	126.86	0.99934774
DP	126.90	0.99934830
DP	126.94	0.99934883
DP	126.98	0.99934940
DP	127.02	0.99934996
DP	127.06	0.99935050
DP	127.10	0.99935105
DP	127.14	0.99935159
DP	127.18	0.99935216
DP	127.22	0.99935271
DP	127.26	0.99935325
DP	127.30	0.99935380
DP	127.34	0.99935436
DP	127.38	0.99935490
DP	127.42	0.99935548
DP	127.46	0.99935601
DP	127.50	0.99935656
DP	127.54	0.99935709
DP	127.58	0.99935764
DP	127.62	0.99935819
DP	127.66	0.99935873
DP	127.70	0.99935926
DP	127.74	0.99935981
DP	127.78	0.99936034
DP	127.82	0.99936088
DP	127.86	0.99936143
DP	127.90	0.99936196
DP	127.94	0.99936250
DP	127.98	0.99936304
DP	128.02	0.99936356
DP	128.06	0.99936413
DP	128.10	0.99936465
DP	128.14	0.99936520
DP	128.18	0.99936571
DP	128.22	0.99936626
DP	128.26	0.99936679
DP	128.30	0.99936733
DP	128.34	0.99936785
DP	128.38	0.99936839
DP	128.42	0.99936890
DP	128.46	0.99936946
DP	128.50	0.99936996
DP	128.54	0.99937050
DP	128.58	0.99937104
DP	128.62	0.99937155
DP	128.66	0.99937210
DP	128.70	0.99937261
DP	128.74	0.99937315
DP	128.78	0.99937369
DP	128.82	0.99937419
DP	128.86	0.99937473
DP	128.90	0.99937521
DP	128.94	0.99937578
DP	128.98	0.99937629
DP	129.02	0.99937684
DP	129.06	0.99937734
DP	129.10	0.99937788
DP	129.14	0.99937839
DP	129.18	0.99937890
DP	129.22	0.99937941
DP	129.26	0.99937994
DP	129.30	0.99938046
DP	129.34	0.99938099
DP	129.38	0.99938148
DP	129.42	0.99938200
DP	129.46	0.99938254
DP	129.50	0.99938304
DP	129.54	0.99938354
DP	129.58	0.99938406
DP	129.62	0.99938458
DP	129.66	0.99938510
DP	129.70	0.99938560
DP	129.74	0.99938609
DP	129.78	0.99938663
DP	129.82	0.99938715
DP	129.86	0.99938765
DP	129.90	0.99938816
DP	129.94	0.99938866
DP	129.98	0.99938919
DP	130.02	0.99938968
DP	130.06	0.99939016
DP	130.10	0.99939070
DP	130.14	0.99939120
DP	130.18	0.99939170
DP	130.22	0.99939221
DP	130.26	0.99939271
DP	130.30	0.99939320
DP	130.34	0.99939374
DP	130.38	0.99939423
DP	130.42	0.99939473
DP	130.46	0.99939521
DP	130.50	0.99939573
DP	130.54	0.99939623
DP	130.58	0.99939673
DP	130.62	0.99939724
DP	130.66	0.99939774
DP	130.70	0.99939821
DP	130.74	0.99939871
DP	130.78	0.99939921
DP	130.82	0.99939973
DP	130.86	0.99940020
DP	130.90	0.99940071
DP	130.94	0.99940121
DP	130.98	0.99940168
DP	131.02	0.99940218
DP	131.06	0.99940269
DP	131.10	0.99940318
DP	131.14	0.99940366
DP	131.18	0.99940415
DP	131.22	0.99940465
DP	131.26	0.99940513
DP	131.30	0.99940561
DP	131.34	0.99940611
DP	131.38	0.99940660
DP	131.42	0.99940708
DP	131.46	0.99940756
DP	131.50	0.99940805
DP	131.54	0.99940854
DP	131.58	0.99940905
DP	131.62	0.99940953
DP	131.66	0.99941003
DP	131.70	0.99941050
DP	131.74	0.99941098
DP	131.78	0.99941145
DP	131.82	0.99941195
DP	131.86	0.99941243
DP	131.90	0.99941291
DP	131.94	0.99941338
DP	131.98	0.99941385
DP	132.02	0.99941436
DP	132.06	0.99941481
DP	132.10	0.99941531
DP	132.14	0.99941578
DP	132.18	0.99941628
DP	132.22	0.99941674
DP	132.26	0.99941723
DP	132.30	0.99941769
DP	132.34	0.99941816
DP	132.38	0.99941863
DP	132.42	0.99941909
DP	132.46	0.99941958
DP	132.50	0.99942005
DP	132.54	0.99942054
DP	132.58	0.99942103
DP	132.62	0.99942150
DP	132.66	0.99942195
DP	132.70	0.99942241
DP	132.74	0.99942290
DP	132.78	0.99942336
DP	132.82	0.99942384
DP	132.86	0.99942430
DP	132.90	0.99942475
DP	132.94	0.99942523
DP	132.98	0.99942569
DP	133.02	0.99942618
DP	133.06	0.99942663
DP	133.10	0.99942709
DP	133.14	0.99942755
DP	133.18	0.99942801
DP	133.22	0.99942848
DP	133.26	0.99942895
DP	133.30	0.99942940
DP	133.34	0.99942988
DP	133.38	0.99943036
DP	133.42	0.99943081
DP	133.46	0.99943126
DP	133.50	0.99943171
DP	133.54	0.99943218
DP	133.58	0.99943264
DP	133.62	0.99943310
DP	133.66	0.99943359
DP	133.70	0.99943401
DP	133.74	0.99943446
DP	133.78	0.99943495
DP	133.82	0.99943538
DP	133.86	0.99943584
DP	133.90	0.99943628
DP	133.94	0.99943676
DP	133.98	0.99943720
DP	134.02	0.99943765
DP	134.06	0.99943811
DP	134.10	0.99943858
DP	134.14	0.99943901
DP	134.18	0.99943948
DP	134.22	0.99943994
DP	134.26	0.99944038
DP	134.30	0.99944083
DP	134.34	0.99944128
DP	134.38	0.99944171
DP	134.42	0.99944215
DP	134.46	0.99944263
DP	134.50	0.99944308
DP	134.54	0.99944351
DP	134.58	0.99944396
DP	134.62	0.99944440
DP	134.66	0.99944485
DP	134.70	0.99944528
DP	134.74	0.99944574
DP	134.78	0.99944620
DP	134.82	0.99944665
DP	134.86	0.99944708
DP	134.90	0.99944753
DP	134.94	0.99944796
DP	134.98	0.99944840
DP	135.02	0.99944886
DP	135.06	0.99944928
DP	135.10	0.99944971
DP	135.14	0.99945015
DP	135.18	0.99945059
DP	135.22	0.99945104
DP	135.26	0.99945149
DP	135.30	0.99945191
DP	135.34	0.99945236
DP	135.38	0.99945280
DP	135.42	0.99945323
DP	135.46	0.99945364
DP	135.50	0.99945410
DP	135.54	0.99945453
DP	135.58	0.99945499
DP	135.62	0.99945541
DP	135.66	0.99945581
DP	135.70	0.99945626
DP	135.74	0.99945670
DP	135.78	0.99945713
DP	135.82	0.99945756
DP	135.86	0.99945799
DP	135.90	0.99945845
DP	135.94	0.99945885
DP	135.98	0.99945930
DP	136.02	0.99945973
DP	136.06	0.99946016
DP	136.10	0.99946059
DP	136.14	0.99946103
DP	136.18	0.99946143
DP	136.22	0.99946188
DP	136.26	0.99946228
DP	136.30	0.99946273
DP	136.34	0.99946313
DP	136.38	0.99946358
DP	136.42	0.99946399
DP	136.46	0.99946444
DP	136.50	0.99946484
DP	136.54	0.99946526
DP	136.58	0.99946569
DP	136.62	0.99946610
DP	136.66	0.99946654
DP	136.70	0.99946696
DP	136.74	0.99946736
DP	136.78	0.99946779
DP	136.82	0.99946825
DP	136.86	0.99946863
DP	136.90	0.99946906
DP	136.94	0.99946948
DP	136.98	0.99946989
DP	137.02	0.99947030
DP	137.06	0.99947073
DP	137.10	0.99947114
DP	137.14	0.99947155
DP	137.18	0.99947195
DP	137.22	0.99947240
DP	137.26	0.99947278
DP	137.30	0.99947321
DP	137.34	0.99947364
DP	137.38	0.99947405
DP	137.42	0.99947445
DP	137.46	0.99947489
DP	137.50	0.99947528
DP	137.54	0.99947569
DP	137.58	0.99947610
DP	137.62	0.99947653
DP	137.66	0.99947693
DP	137.70	0.99947734
DP	137.74	0.99947774
DP	137.78	0.99947819
DP	137.82	0.99947859
DP	137.86	0.99947898
DP	137.90	0.99947939
DP	137.94	0.99947979
DP	137.98	0.99948020
DP	138.02	0.99948061
DP	138.06	0.99948103
DP	138.10	0.99948145
DP	138.14	0.99948183
DP	138.18	0.99948223
DP	138.22	0.99948263
DP	138.26	0.99948304
DP	138.30	0.99948345
DP	138.34	0.99948385
DP	138.38	0.99948426
DP	138.42	0.99948464
DP	138.46	0.99948506
DP	138.50	0.99948545
DP	138.54	0.99948585
DP	138.58	0.99948626
DP	138.62	0.99948668
DP	138.66	0.99948705
DP	138.70	0.99948746
DP	138.74	0.99948785
DP	138.78	0.99948828
DP	138.82	0.99948866
DP	138.86	0.99948905
DP	138.90	0.99948945
DP	138.94	0.99948983
DP	138.98	0.99949025
DP	139.02	0.99949065
DP	139.06	0.99949104
DP	139.10	0.99949143
DP	139.14	0.99949181
DP	139.18	0.99949223
DP	139.22	0.99949261
DP	139.26	0.99949303
DP	139.30	0.99949341
DP	139.34	0.99949381
DP	139.38	0.99949419
DP	139.42	0.99949458
DP	139.46	0.99949498
DP	139.50	0.99949538
DP	139.54	0.99949575
DP	139.58	0.99949615
DP	139.62	0.99949653
DP	139.66	0.99949693
DP	139.70	0.99949731
DP	139.74	0.99949771
DP	139.78	0.99949809
DP	139.82	0.99949850
DP	139.86	0.99949885
DP	139.90	0.99949928
DP	139.94	0.99949964
DP	139.98	0.99950004
DP	140.02	0.99950043
DP	140.06	0.99950081
DP	140.10	0.99950120
DP	140.14	0.99950158
DP	140.18	0.99950198
DP	140.22	0.99950234
DP	140.26	0.99950271
DP	140.30	0.99950309
DP	140.34	0.99950348
DP	140.38	0.99950389
DP	140.42	0.99950425
DP	140.46	0.99950461
DP	140.50	0.99950503
DP	140.54	0.99950538
DP	140.58	0.99950578
DP	140.62	0.99950614
DP	140.66	0.99950653
DP	140.70	0.99950693
DP	140.74	0.99950731
DP	140.78	0.99950766
DP	140.82	0.99950806
DP	140.86	0.99950843
DP	140.90	0.99950880
DP	140.94	0.99950916
DP	140.98	0.99950955
DP	141.02	0.99950994
DP	141.06	0.99951029
DP	141.10	0.99951069
DP	141.14	0.99951106
DP	141.18	0.99951141
DP	141.22	0.99951181
DP	141.26	0.99951219
DP	141.30	0.99951258
DP	141.34	0.99951294
DP	141.38	0.99951331
DP	141.42	0.99951368
DP	141.46	0.99951404
DP	141.50	0.99951440
DP	141.54	0.99951478
DP	141.58	0.99951519
DP	141.62	0.99951553
DP	141.66	0.99951589
DP	141.70	0.99951628
DP	141.74	0.99951665
DP	141.78	0.99951698
DP	141.82	0.99951735
DP	141.86	0.99951774
DP	141.90	0.99951810
DP	141.94	0.99951848
DP	141.98	0.99951883
DP	142.02	0.99951920
DP	142.06	0.99951956
DP	142.10	0.99951991
DP	142.14	0.99952029
DP	142.18	0.99952066
DP	142.22	0.99952103
DP	142.26	0.99952139
DP	142.30	0.99952174
DP	142.34	0.99952210
DP	142.38	0.99952248
DP	142.42	0.99952285
DP	142.46	0.99952319
DP	142.50	0.99952358
DP	142.54	0.99952391
DP	142.58	0.99952429
DP	142.62	0.99952466
DP	142.66	0.99952501
DP	142.70	0.99952538
DP	142.74	0.99952573
DP	142.78	0.99952608
DP	142.82	0.99952645
DP	142.86	0.99952681
DP	142.90	0.99952714
DP	142.94	0.99952753
DP	142.98	0.99952789
DP	143.02	0.99952825
DP	143.06	0.99952860
DP	143.10	0.99952895
DP	143.14	0.99952931
DP	143.18	0.99952968
DP	143.22	0.99953004
DP	143.26	0.99953039
DP	143.30	0.99953075
DP	143.34	0.99953111
DP	143.38	0.99953146
DP	143.42	0.99953179
DP	143.46	0.99953216
DP	143.50	0.99953253
DP	143.54	0.99953288
DP	143.58	0.99953323
DP	143.62	0.99953356
DP	143.66	0.99953393
DP	143.70	0.99953428
DP	143.74	0.99953465
DP	143.78	0.99953498
DP	143.82	0.99953534
DP	143.86	0.99953568
DP	143.90	0.99953604
DP	143.94	0.99953638
DP	143.98	0.99953671
DP	144.02	0.99953709
DP	144.06	0.99953745
DP	144.10	0.99953779
DP	144.14	0.99953814
DP	144.18	0.99953848
DP	144.22	0.99953881
DP	144.26	0.99953916
DP	144.30	0.99953953
DP	144.34	0.99953989
DP	144.38	0.99954021
DP	144.42	0.99954055
DP	144.46	0.99954089
DP	144.50	0.99954125
DP	144.54	0.99954159
DP	144.58	0.99954194
DP	144.62	0.99954225
DP	144.66	0.99954261
DP	144.70	0.99954296
DP	144.74	0.99954330
DP	144.78	0.99954364
DP	144.82	0.99954400
DP	144.86	0.99954434
DP	144.90	0.99954466
DP	144.94	0.99954501
DP	144.98	0.99954534
DP	145.02	0.99954570
DP	145.06	0.99954604
DP	145.10	0.99954639
DP	145.14	0.99954674
DP	145.18	0.99954706
DP	145.22	0.99954740
DP	145.26	0.99954773
DP	145.30	0.99954808
DP	145.34	0.99954840
DP	145.38	0.99954876
DP	145.42	0.99954908
DP	145.46	0.99954945
DP	145.50	0.99954976
DP	145.54	0.99955009
DP	145.58	0.99955043
DP	145.62	0.99955075
DP	145.66	0.99955109
DP	145.70	0.99955144
DP	145.74	0.99955178
DP	145.78	0.99955210
DP	145.82	0.99955245
DP	145.86	0.99955279
DP	145.90	0.99955310
DP	145.94	0.99955343
DP	145.98	0.99955378
DP	146.02	0.99955410
DP	146.06	0.99955440
DP	146.10	0.99955478
DP	146.14	0.99955509
DP	146.18	0.99955543
DP	146.22	0.99955575
DP	146.26	0.99955608
DP	146.30	0.99955640
DP	146.34	0.99955674
DP	146.38	0.99955706
DP	146.42	0.99955741
DP	146.46	0.99955771
DP	146.50	0.99955805
DP	146.54	0.99955838
DP	146.58	0.99955870
DP	146.62	0.99955903
DP	146.66	0.99955935
DP	146.70	0.99955969
DP	146.74	0.99956000
DP	146.78	0.99956033
DP	146.82	0.99956065
DP	146.86	0.99956099
DP	146.90	0.99956130
DP	146.94	0.99956160
DP	146.98	0.99956195
DP	147.02	0.99956228
DP	147.06	0.99956261
DP	147.10	0.99956291
DP	147.14	0.99956325
DP	147.18	0.99956359
DP	147.22	0.99956388
DP	147.26	0.99956423
DP	147.30	0.99956454
DP	147.34	0.99956485
DP	147.38	0.99956518
DP	147.42	0.99956550
DP	147.46	0.99956579
DP	147.50	0.99956613
DP	147.54	0.99956646
DP	147.58	0.99956678
DP	147.62	0.99956709
DP	147.66	0.99956740
DP	147.70	0.99956774
DP	147.74	0.99956805
DP	147.78	0.99956836
DP	147.82	0.99956869
DP	147.86	0.99956899
DP	147.90	0.99956933
DP	147.94	0.99956965
DP	147.98	0.99956995
DP	148.02	0.99957026
DP	148.06	0.99957056
DP	148.10	0.99957089
DP	148.14	0.99957120
DP	148.18	0.99957150
DP	148.22	0.99957184
DP	148.26	0.99957214
DP	148.30	0.99957248
DP	148.34	0.99957278
DP	148.38	0.99957309
DP	148.42	0.99957338
DP	148.46	0.99957371
DP	148.50	0.99957401
DP	148.54	0.99957433
DP	148.58	0.99957465
DP	148.62	0.99957496
DP	148.66	0.99957528
DP	148.70	0.99957558
DP	148.74	0.99957590
DP	148.78	0.99957621
DP	148.82	0.99957651
DP	148.86	0.99957679
DP	148.90	0.99957711
DP	148.94	0.99957743
DP	148.98	0.99957774
DP	149.02	0.99957803
DP	149.06	0.99957838
DP	149.10	0.99957865
DP	149.14	0.99957896
DP	149.18	0.99957926
DP	149.22	0.99957959
DP	149.26	0.99957990
DP	149.30	0.99958020
DP	149.34	0.99958050
DP	149.38	0.99958080
DP	149.42	0.99958111
DP	149.46	0.99958141
DP	149.50	0.99958170
DP	149.54	0.99958204
DP	149.58	0.99958234
DP	149.62	0.99958261
DP	149.66	0.99958294
DP	149.70	0.99958323
DP	149.74	0.99958353
DP	149.78	0.99958383
DP	149.82	0.99958411
DP	149.86	0.99958445
DP	149.90	0.99958475
DP	149.94	0.99958505
DP	149.98	0.99958534
DP	150.02	0.99958564
DP	150.06	0.99958593
DP	150.10	0.99958625
DP	150.14	0.99958653
DP	150.18	0.99958683
DP	150.22	0.99958711
DP	150.26	0.99958741
DP	150.30	0.99958774
DP	150.34	0.99958804
DP	150.38	0.99958833
DP	150.42	0.99958863
DP	150.46	0.99958891
DP	150.50	0.99958921
DP	150.54	0.99958951
DP	150.58	0.99958980
DP	150.62	0.99959009
DP	150.66	0.99959040
DP	150.70	0.99959070
DP	150.74	0.99959099
DP	150.78	0.99959129
DP	150.82	0.99959158
DP	150.86	0.99959185
DP	150.90	0.99959215
DP	150.94	0.99959245
DP	150.98	0.99959275
DP	151.02	0.99959305
DP	151.06	0.99959335
DP	151.10	0.99959364
DP	151.14	0.99959391
DP	151.18	0.99959421
DP	151.22	0.99959450
DP	151.26	0.99959479
DP	151.30	0.99959508
DP	151.34	0.99959538
DP	151.38	0.99959566
DP	151.42	0.99959595
DP	151.46	0.99959624
DP	151.50	0.99959651
DP	151.54	0.99959680
DP	151.58	0.99959710
DP	151.62	0.99959740
DP	151.66	0.99959771
DP	151.70	0.99959798
DP	151.74	0.99959828
DP	151.78	0.99959855
DP	151.82	0.99959884
DP	151.86	0.99959914
DP	151.90	0.99959940
DP	151.94	0.99959970
DP	151.98	0.99959998
DP	152.02	0.99960026
DP	152.06	0.99960054
DP	152.10	0.99960085
DP	152.14	0.99960114
DP	152.18	0.99960143
DP	152.22	0.99960170
DP	152.26	0.99960198
DP	152.30	0.99960225
DP	152.34	0.99960254
DP	152.38	0.99960283
DP	152.42	0.99960313
DP	152.46	0.99960338
DP	152.50	0.99960366
DP	152.54	0.99960395
DP	152.58	0.99960424
DP	152.62	0.99960451
DP	152.66	0.99960479
DP	152.70	0.99960508
DP	152.74	0.99960536
DP	152.78	0.99960564
DP	152.82	0.99960593
DP	152.86	0.99960618
DP	152.90	0.99960648
DP	152.94	0.99960676
DP	152.98	0.99960704
DP	153.02	0.99960730
DP	153.06	0.99960759
DP	153.10	0.99960790
DP	153.14	0.99960816
DP	153.18	0.99960841
DP	153.22	0.99960871
DP	153.26	0.99960899
DP	153.30	0.99960924
DP	153.34	0.99960951
DP	153.38	0.99960981
DP	153.42	0.99961006
DP	153.46	0.99961036
DP	153.50	0.99961064
DP	153.54	0.99961093
DP	153.58	0.99961119
DP	153.62	0.99961146
DP	153.66	0.99961174
DP	153.70	0.99961203
DP	153.74	0.99961229
DP	153.78	0.99961258
DP	153.82	0.99961283
DP	153.86	0.99961310
DP	153.90	0.99961335
DP	153.94	0.99961364
DP	153.98	0.99961394
DP	154.02	0.99961420
DP	154.06	0.99961446
DP	154.10	0.99961476
DP	154.14	0.99961501
DP	154.18	0.99961528
DP	154.22	0.99961556
DP	154.26	0.99961584
DP	154.30	0.99961608
DP	154.34	0.99961636
DP	154.38	0.99961663
DP	154.42	0.99961690
DP	154.46	0.99961716
DP	154.50	0.99961745
DP	154.54	0.99961770
DP	154.58	0.99961796
DP	154.62	0.99961825
DP	154.66	0.99961851
DP	154.70	0.99961879
DP	154.74	0.99961906
DP	154.78	0.99961934
DP	154.82	0.99961958
DP	154.86	0.99961985
DP	154.90	0.99962010
DP	154.94	0.99962038
DP	154.98	0.99962065
DP	155.02	0.99962093
DP	155.06	0.99962118
DP	155.10	0.99962146
DP	155.14	0.99962171
DP	155.18	0.99962196
DP	155.22	0.99962224
DP	155.26	0.99962250
DP	155.30	0.99962276
DP	155.34	0.99962304
DP	155.38	0.99962330
DP	155.42	0.99962358
DP	155.46	0.99962384
DP	155.50	0.99962409
DP	155.54	0.99962436
DP	155.58	0.99962460
DP	155.62	0.99962486
DP	155.66	0.99962515
DP	155.70	0.99962539
DP	155.74	0.99962564
DP	155.78	0.99962590
DP	155.82	0.99962618
DP	155.86	0.99962641
DP	155.90	0.99962670
DP	155.94	0.99962694
DP	155.98	0.99962721
DP	156.02	0.99962745
DP	156.06	0.99962773
DP	156.10	0.99962800
DP	156.14	0.99962825
DP	156.18	0.99962851
DP	156.22	0.99962878
DP	156.26	0.99962903
DP	156.30	0.99962928
DP	156.34	0.99962953
DP	156.38	0.99962980
DP	156.42	0.99963005
DP	156.46	0.99963030
DP	156.50	0.99963056
DP	156.54	0.99963081
DP	156.58	0.99963106
DP	156.62	0.99963134
DP	156.66	0.99963158
DP	156.70	0.99963185
DP	156.74	0.99963210
DP	156.78	0.99963236
DP	156.82	0.99963260
DP	156.86	0.99963288
DP	156.90	0.99963314
DP	156.94	0.99963336
DP	156.98	0.99963361
DP	157.02	0.99963389
DP	157.06	0.99963413
DP	157.10	0.99963438
DP	157.14	0.99963464
DP	157.18	0.99963490
DP	157.22	0.99963515
DP	157.26	0.99963540
DP	157.30	0.99963564
DP	157.34	0.99963590
DP	157.38	0.99963615
DP	157.42	0.99963638
DP	157.46	0.99963663
DP	157.50	0.99963691
DP	157.54	0.99963714
DP	157.58	0.99963739
DP	157.62	0.99963768
DP	157.66	0.99963791
DP	157.70	0.99963816
DP	157.74	0.99963839
DP	157.78	0.99963864
DP	157.82	0.99963889
DP	157.86	0.99963914
DP	157.90	0.99963940
DP	157.94	0.99963965
DP	157.98	0.99963985
DP	158.02	0.99964013
DP	158.06	0.99964038
DP	158.10	0.99964063
DP	158.14	0.99964088
DP	158.18	0.99964113
DP	158.22	0.99964139
DP	158.26	0.99964161
DP	158.30	0.99964186
DP	158.34	0.99964211
DP	158.38	0.99964235
DP	158.42	0.99964261
DP	158.46	0.99964283
DP	158.50	0.99964309
DP	158.54	0.99964331
DP	158.58	0.99964358
DP	158.62	0.99964381
DP	158.66	0.99964405
DP	158.70	0.99964433
DP	158.74	0.99964456
DP	158.78	0.99964479
DP	158.82	0.99964504
DP	158.86	0.99964526
DP	158.90	0.99964548
DP	158.94	0.99964575
DP	158.98	0.99964601
DP	159.02	0.99964624
DP	159.06	0.99964650
DP	159.10	0.99964673
DP	159.14	0.99964696
DP	159.18	0.99964720
DP	159.22	0.99964743
DP	159.26	0.99964769
DP	159.30	0.99964794
DP	159.34	0.99964815
DP	159.38	0.99964840
DP	159.42	0.99964864
DP	159.46	0.99964889
DP	159.50	0.99964913
DP	159.54	0.99964935
DP	159.58	0.99964960
DP	159.62	0.99964985
DP	159.66	0.99965006
DP	159.70	0.99965031
DP	159.74	0.99965053
DP	159.78	0.99965079
DP	159.82	0.99965101
DP	159.86	0.99965126
DP	159.90	0.99965150
DP	159.94	0.99965174
DP	159.98	0.99965198
DP	160.02	0.99965219
DP	160.06	0.99965244
DP	160.10	0.99965269
DP	160.14	0.99965293
DP	160.18	0.99965315
DP	160.22	0.99965336
DP	160.26	0.99965361
DP	160.30	0.99965384
DP	160.34	0.99965409
DP	160.38	0.99965431
DP	160.42	0.99965456
DP	160.46	0.99965478
DP	160.50	0.99965504
DP	160.54	0.99965524
DP	160.58	0.99965546
DP	160.62	0.99965571
DP	160.66	0.99965596
DP	160.70	0.99965619
DP	160.74	0.99965639
DP	160.78	0.99965666
DP	160.82	0.99965689
DP	160.86	0.99965713
DP	160.90	0.99965735
DP	160.94	0.99965758
DP	160.98	0.99965781
DP	161.02	0.99965804
DP	161.06	0.99965829
DP	161.10	0.99965849
DP	161.14	0.99965874
DP	161.18	0.99965893
DP	161.22	0.99965919
DP	161.26	0.99965941
DP	161.30	0.99965964
DP	161.34	0.99965986
DP	161.38	0.99966010
DP	161.42	0.99966034
DP	161.46	0.99966058
DP	161.50	0.99966078
DP	161.54	0.99966103
DP	161.58	0.99966124
DP	161.62	0.99966150
DP	161.66	0.99966169
DP	161.70	0.99966191
DP	161.74	0.99966216
DP	161.78	0.99966238
DP	161.82	0.99966260
DP	161.86	0.99966283
DP	161.90	0.99966305
DP	161.94	0.99966330
DP	161.98	0.99966350
DP	162.02	0.99966374
DP	162.06	0.99966396
DP	162.10	0.99966418
DP	162.14	0.99966441
DP	162.18	0.99966464
DP	162.22	0.99966484
DP	162.26	0.99966511
DP	162.30	0.99966529
DP	162.34	0.99966553
DP	162.38	0.99966575
DP	162.42	0.99966596
DP	162.46	0.99966621
DP	162.50	0.99966643
DP	162.54	0.99966665
DP	162.58	0.99966688
DP	162.62	0.99966710
DP	162.66	0.99966730
DP	162.70	0.99966753
DP	162.74	0.99966775
DP	162.78	0.99966798
DP	162.82	0.99966821
DP	162.86	0.99966840
DP	162.90	0.99966863
DP	162.94	0.99966886
DP	162.98	0.99966909
DP	163.02	0.99966930
DP	163.06	0.99966950
DP	163.10	0.99966974
DP	163.14	0.99966998
DP	163.18	0.99967019
DP	163.22	0.99967038
DP	163.26	0.99967061
DP	163.30	0.99967083
DP	163.34	0.99967106
DP	163.38	0.99967128
DP	163.42	0.99967150
DP	163.46	0.99967170
DP	163.50	0.99967194
DP	163.54	0.99967215
DP	163.58	0.99967238
DP	163.62	0.99967258
DP	163.66	0.99967281
DP	163.70	0.99967303
DP	163.74	0.99967324
DP	163.78	0.99967344
DP	163.82	0.99967368
DP	163.86	0.99967389
DP	163.90	0.99967411
DP	163.94	0.99967430
DP	163.98	0.99967454
DP	164.02	0.99967475
DP	164.06	0.99967496
DP	164.10	0.99967516
DP	164.14	0.99967539
DP	164.18	0.99967561
DP	164.22	0.99967583
DP	164.26	0.99967603
DP	164.30	0.99967625
DP	164.34	0.99967646
DP	164.38	0.99967665
DP	164.42	0.99967689
DP	164.46	0.99967710
DP	164.50	0.99967731
DP	164.54	0.99967753
DP	164.58	0.99967774
DP	164.62	0.99967795
DP	164.66	0.99967818
DP	164.70	0.99967836
DP	164.74	0.99967859
DP	164.78	0.99967878
DP	164.82	0.99967900
DP	164.86	0.99967923
DP	164.90	0.99967944
DP	164.94	0.99967965
DP	164.98	0.99967984
DP	165.02	0.99968008
DP	165.06	0.99968026
DP	165.10	0.99968048
DP	165.14	0.99968069
DP	165.18	0.99968091
DP	165.22	0.99968111
DP	165.26	0.99968134
DP	165.30	0.99968150
DP	165.34	0.99968173
DP	165.38	0.99968194
DP	165.42	0.99968216
EN		
